sub_job_id,mean_bps,max_bps,median_bps,p90_max_bps
02844f7a-7290-49ee-9809-c0b6af6c8ae5,12213674.722189879,16996736.0,12206160.0,14905440.0
03b9a246-32ef-4d0e-951c-418ecf2850ed,62906999.84496096,172945368.0,32494070.5,152893192.0
042cf651-d5e7-4e53-8808-36cb94f93fc0,1390484.846597316,2798008.0,1359260.0,2199164.0
05d0a4cf-b8f5-4a5d-8036-19f2630e47b0,131157.58645719755,1244866.0,113668.0,210758.0
05e81d10-ea99-46c5-9856-54482b14ddcf,8335262.40063593,13434880.0,10715136.0,11714560.0
0827d378-0c4c-4af9-9fa6-5a330ba98c97,92020715.84036176,161857536.0,76808192.0,120242176.0
0890c051-ba3b-4b3a-9bdf-41fcc88c743c,130804.96608305568,408336.0,132492.0,251952.0
0a24427b-64cc-43b0-b525-529cce258e6c,19562707.123369895,38270640.0,18007328.0,30132880.0
0b063801-4312-4ae8-83dd-e317702afbcf,135409.25471910287,478016.0,112944.0,242808.0
0d68e0f4-0fb0-47af-9444-240532ea6a05,217228675.58226064,292296477.0,221126020.0,250155197.0
0dda668f-7681-4e7a-af57-caafca5f69b6,144901.3154364592,593640.0,122356.0,251952.0
10619138-f294-420b-b387-1f510da29e5a,3137773.7366155316,5726360.0,3075732.0,4240408.0
114e3e17-1cc1-4189-9350-8d8b23a568d0,10382775.663288452,19736280.0,10015092.0,15495296.0
11af8522-5620-46ed-8421-7053249ba359,6952831.141013505,21617688.0,5573340.0,11755128.0
128b1da1-12db-4085-840a-8a87c486454e,136739.8440714845,520718.0,130320.0,246160.0
15fd166e-bf23-49c2-9d5c-fd07b55e3b43,124281.28550004799,609348.0,177380.0,344624.0
16c29ef3-f51c-4c8b-a726-32e0bd8de72e,58596152.239809394,157830552.0,30945208.0,142614968.0
16dcbb2a-03ef-4ae8-9195-8e2bf6299f8f,241820912.74517778,291223171.0,255209004.5,264665244.0
19765f0e-cb5e-4c73-8dde-e1c419eb8d84,147477.053837607,1277840.0,153488.0,428072.0
198bbd0b-afe9-41b9-a714-09d8f773b30a,29229629.51019252,49647024.0,28043416.0,43168328.0
1a3761e3-991c-41ae-8d59-7e06104019b4,136408.2682240608,568248.0,120908.0,240368.0
1bfbdcc8-25ec-4989-a764-172d5792eb49,216543159.64919364,360622219.0,138204129.0,259823328.0
1d4904ce-c854-45bc-a9cb-a4111fd954d3,4748694.81539757,18105848.0,4801728.0,9759520.0
1ddacce1-fc4f-45d7-aef0-f53c972caf5c,396930337.8460932,288920992.0,253734210.0,218547428.0
210c79e9-f8db-48a7-ad72-414605ca7f90,3032070.7674560896,9459784.0,3215284.0,5309816.0
21623201-f500-42af-8b23-7e03c641176e,106113461.27563432,165563712.0,101210856.0,151752704.0
21b95281-18e7-45df-814b-70635dc55764,21218756.033590715,44675232.0,19993260.0,28185320.0
227632d6-329d-4776-a810-a1d83d25f8df,132993.78861963225,1288172.0,110772.0,225888.0
22b23c8d-cf13-44c6-99c0-f6da535d7c30,94619994.44893932,150637824.0,124883560.0,143401536.0
23573a99-b1bb-4faa-95ef-f68ba1972596,28915741.837085865,54239794.0,29193852.0,39725080.0
236adce9-d8f8-4aa6-b325-f320c0b35e71,11697912.40611264,18795040.0,11305984.0,15471480.0
23877fa4-56b9-4043-aa3e-1d52c266a0fa,118057772.03450447,156771194.0,130275293.0,153648670.0
25518521-3908-4be7-b6e8-cbbb3db73b7d,100032608.75065966,145670144.0,87998464.0,128237568.0
26382a1c-6b65-4f6a-8a58-b20188142f1b,1000220336.3198947,821579844.0,821579844.0,821579844.0
279096a6-8f5a-47ea-99ea-fd755443bb63,10184027.272871487,21495720.0,9312812.0,15388060.0
2985aa49-a121-4450-bb65-431df00dfffc,15693364.967119664,33972712.0,14510408.0,24943248.0
2b88623f-4cb0-4497-802f-fb7564849547,1002701628.0797893,557469558.0,557469558.0,557469558.0
2c1b76dd-520f-47b1-bced-b4930b66f6b3,879707.4687659794,2034588.0,827820.0,1454160.0
2f4843a9-099f-44b2-a8e9-8e62b17770a9,8555613.658616187,9699328.0,9076736.0,9453568.0
2f9a98c9-b209-45b7-a10e-dd29248c9782,31631252.187028658,41156608.0,20905984.0,20905984.0
300af3e0-149b-4b05-804c-141a221e22ad,144744.86480360094,661334.0,121632.0,326912.0
312a0365-7d2b-45f0-add0-11c4a0e7a22c,142451.6091709063,602768.0,127424.0,249760.0
316fb96f-c43e-43e7-bbaf-d853c61f41c1,153924.0901414302,1639636.0,169488.0,473496.0
33f37e53-d6ec-4cb6-a7b4-da852b28a58f,136926.27307581593,430808.0,126700.0,237472.0
38f82f7a-4230-47b8-a84e-266bb4c09998,127466.93485334958,869826.0,119782.0,215350.0
39c39f47-c73d-4d2a-9751-a63ea8e105c4,135368.35028786838,1237212.0,119460.0,224856.0
3f294494-3fe7-47fd-8f2a-f15a536fc8da,12247345.660938948,19579856.0,11921384.0,16355160.0
4083e653-1fcc-40c4-8a71-9f9a12d0287c,94600646.07887533,159498285.0,88471990.5,148201952.0
423380c4-2a5a-43c5-9b36-7f47343f54a7,138324.14608483567,591508.0,118736.0,247608.0
498d2432-ba1a-411c-be6b-530cd9af24e2,8271388.738141471,15596176.0,8112860.0,11387816.0
4b1335a8-ea18-4722-976c-eb6d5b59109b,93423502.2107443,158890488.0,87671013.0,148885944.0
4c35d901-992b-4e79-82c9-821ff63c79fc,49393486.26978799,81428480.0,46342144.0,59916288.0
4dc5f42f-8962-4831-a828-b021123d7b02,143980.67410997069,999232.0,120184.0,333014.0
4e631cda-0ce6-41af-a997-a6a36f80b79a,10463634.7679045,40987740.0,15796448.0,29836884.0
517b14a6-e014-49e5-815b-9aee535c6f3c,2964457.122732644,9058312.0,2908308.0,4928384.0
530ab850-70c0-4a33-819c-c638477bb3f3,28686093.71980264,53092024.0,27543856.0,42588576.0
544c0676-3d35-4521-9213-f200d01f6ab6,237795361.31080315,304030504.0,189698132.0,189189236.0
5509c73a-583c-4db9-8bc0-bbf2a97bd30a,136434.86383803142,1833252.0,172312.0,411232.0
5557ac57-e218-4fe4-ab88-d2427a8c1e36,4862484.085514899,20525688.0,4375132.0,9352632.0
57d0cb1e-cda7-4851-8a62-b7662ec2002e,245278799.91957197,312099820.0,236409644.0,238432724.0
596884e6-738a-4f59-a00d-f53267ade793,0.0,0.0,0.0,0.0
59da326f-433b-4f68-943e-7e923a27af11,4846095.681134245,20333680.0,4424364.0,9695808.0
5a0c7500-f8d9-4fc2-b4aa-6417ad27ae1b,31642820.428147256,58515010.0,29294488.0,46157896.0
5baf384c-dfa8-4f82-a412-001ee0637d84,137579.9792169622,618352.0,125252.0,251952.0
5cd429dc-5cab-44d9-a6dc-7449907878e2,141793.1540523117,1194928.0,140855.0,338832.0
5d8af224-0d10-405b-a134-8635bd3e5d4d,136499.58524414024,461934.0,119460.0,246160.0
5dd2076f-224e-429a-bacc-38dcf541701e,136350.32365033703,573462.0,113668.0,246160.0
5fb9e803-0031-43c0-a2c4-9a251333eab3,172400.03165843812,1351256.0,150592.0,424264.0
60402fe5-d6a8-4746-971a-8ce846c1f126,325537878.8411358,364689688.0,268897310.0,302799100.0
60c2f62d-5c74-49bf-97cb-d19f1d318c0b,243804508.08572984,271892862.0,223952748.0,235583808.0
6334998d-1e87-4e3d-a5d6-b0e61c6c0333,471274453.957912,464779880.0,305803376.0,146826872.0
6436bbc6-8cb3-455b-9fc5-b0e7a932c08f,64263082.88674449,176187864.0,32855844.0,145958400.0
64806bf6-10e9-4b3b-bfc4-68b0eeeb3cd4,136154.3761577966,534528.0,149144.0,288152.0
651ad2dd-5862-4bc5-bf0b-8d9aebcb570e,134989.65432723827,650208.0,133216.0,286704.0
65de365a-da58-4b2d-b2c0-695695c558ec,123996399.58035432,156909568.0,127770624.0,142163968.0
6737d374-5add-40d1-8d72-cf8c916e71c6,37564177.770758614,64270656.0,38264787.0,50436099.0
6790e508-ecdb-4e1d-b59c-01abd3086403,167784.19555397888,696984.0,128872.0,314216.0
6eb93c38-c3fb-432a-a232-93207240f77c,291946826.44512486,371642392.0,215612968.0,225496992.0
71db46de-5f75-43c5-8747-02ed9e2e32d2,7233730.0534483185,12545696.0,7063624.0,10419256.0
750378f3-3e06-485d-8a2c-8fe16a9f1f84,136947.6664920466,519672.0,117288.0,240368.0
75c26e75-ee0d-448b-afa0-52a856f2ad5f,294953914.14986193,330131764.0,225281686.0,229107700.0
7619e754-3cd6-438e-8f04-7b202b2dd570,0.0,0.0,0.0,0.0
76878b9a-35a4-44dd-9197-e13383ccbcad,34101195.82094905,54509568.0,32915456.0,40861696.0
7772fb98-9d0e-4fd5-8913-6e60d0b9c8db,130397.05023094639,526268.0,109324.0,237432.0
77944449-4aec-41b4-aecd-dff8bc91b7ee,6743319.095210308,13722128.0,6128260.0,11095856.0
780b06a6-6c35-45c9-b42a-fdb449a029be,118714725.10500468,154656328.0,128912860.0,151873692.0
7b912d1b-5b3b-4fad-89e5-adc5ffdcb4a8,274228388.63776815,365126266.0,215982856.0,241160504.0
7bfa9347-e2a1-4a75-b067-6399346ffd21,12801064.547563879,24599528.0,12484656.0,17132072.0
7dfed73d-1ab0-4755-8e55-3c6dc114de9e,86001.8593175452,335480.0,111496.0,218244.0
8019c4c1-f562-43f0-8f0a-9e04f6da43b7,1795281.161838858,3148164.0,1747012.0,2391240.0
804d4927-32b9-401f-8343-eee21adabd31,52519930.847710595,94005608.0,45921872.0,73472968.0
82bef855-998a-4d7d-91c2-a02d572be037,280001830.6151333,370315888.0,192313446.0,210537472.0
83590a9f-1097-4efd-be32-8e97ea6197ca,130826.251303316,1779094.0,114275.0,328696.0
853eab54-9593-4467-91e7-1cd895cff0bf,34639269.05443798,66855980.0,33546540.0,46629600.0
86f236b8-bf65-47be-aa7d-f5ba8c6f66b7,2024716.5965636857,3873864.0,1992170.0,2917892.0
880f65ae-7f5a-4741-8ad5-e254c23c987b,51540100.63704298,86990770.0,44722204.0,71729178.0
882d53dd-4589-41d3-bc7a-179557a6db3c,2981222.1482947636,10499032.0,2922064.0,5344568.0
88909834-c2f6-4070-bfb2-987725d5c101,135571.9048968359,507072.0,124528.0,238840.0
8a195fa0-d38d-4abc-85e2-ba85d7063007,7839607.370496481,15126816.0,7700104.0,10937432.0
8ef4a069-c736-447d-bf20-d4f1dcb380fd,48695548.28784925,114688000.0,43466522.5,79773696.0
90dcd4ed-2387-43a4-9bcb-25d676c8ed0e,3231666.7637187913,9495344.0,3292028.0,5179496.0
91054405-330d-4f3d-b648-b8ee64527891,160454736.78557009,361750677.0,86845100.0,231821312.0
95649ddf-e6d1-433c-a1be-b5bfd0a5e0ad,45652671.89100024,82233378.0,41326241.0,61843430.0
96ce0407-dd17-46c2-86f9-9c6cdc0422c8,10569649.557393027,22623552.0,11119916.0,16027616.0
98f952e1-5d2b-493c-88e7-4b555578b430,42420350.58338249,85884928.0,34021376.0,64012288.0
9b6b74aa-de3c-46ea-a42c-df737ab824ae,21158596.056117736,47533496.0,20797858.0,31192440.0
9e454ee0-3f51-40c9-b209-cb04a813b102,138260.57251649306,544840.0,123080.0,250504.0
9ed2a16d-c4d3-409c-b7b1-8679a5b01a3e,267891827.04203954,310438744.0,228926628.0,239242848.0
9f89a1dc-139f-4e79-aa1c-79a7cefd3c9a,434249867.4669039,484308680.0,280042204.0,153037248.0
9fc0bc38-154a-4387-b1e5-9f2143fa5815,124105.12587330183,617644.0,169090.0,361348.0
a060f665-db3b-4796-91ba-de68a213e1f2,1108120.2087525988,2780612.0,1027840.0,1981708.0
a10c50d0-6b2a-4d16-8ba4-dc9eb0774c46,150563.0703916056,665894.0,132492.0,359104.0
a14f7205-7557-412a-bdee-93ddf94c114d,136564.15464250458,565686.0,127404.0,238920.0
a2938374-b5b4-49c7-960a-b1e8f306078d,42182590.6388754,70523392.0,41727740.0,58238560.0
a31d9578-11bc-40bb-a86d-aafcb8087458,97949590.01664661,123895808.0,98451456.0,111575040.0
a40ae954-9fb9-436c-974e-a370148900ff,11869982.791430041,23020032.0,11160460.0,17489664.0
a560ddef-9b91-40f8-99c9-00c44216b8b9,138502032.98633868,208011264.0,137322037.0,161677312.0
a686db8a-50cc-4775-8295-e79df5e312e3,101437520.51927677,169093360.0,100386744.0,151645696.0
a86e3979-8f37-4d4f-92ae-8969d2056fbc,252697751.7210977,306031904.0,223988800.0,229123144.0
ab66b178-317a-43bd-b6da-70da8fe155b9,1847501.0670695424,3373488.0,1838140.0,2523044.0
abda52b8-f1d5-4747-b163-96cb3bc04959,40226219.5262804,79137544.0,35203776.0,51140464.0
ae467b13-6d06-4b14-8553-6f1276d3acc6,137913.34750880254,1338234.0,119460.0,245010.0
b003ece1-ff38-48f8-84f6-0cac153b5bcd,202382184.0283599,380705709.0,155376544.0,170824872.0
b12d73b0-20be-4c8b-9f2e-bee48f0f36a4,109609207.10704942,150110208.0,105234432.0,132628480.0
b24a58fa-3499-4f06-941d-cf4f89e75edf,78322512.98124622,117653504.0,74530816.0,81723392.0
b4453069-05c2-4edb-9a03-c195771d1638,16620252.2449125,39568664.0,14915848.0,28237448.0
b64e9450-e294-4bd6-a13c-17545105f102,33126026.91800486,67026628.0,31821248.0,44735620.0
b88d8755-2b06-4a79-a4f3-1d772164f374,130572.85404238504,504120.0,123804.0,233128.0
b8bb508b-2fe0-44c6-8f94-bb857430e028,3155221.474156507,11126968.0,3202804.0,5743720.0
b8d9a3d4-83b2-4297-a57b-ad2617f4ad54,11710856.482340124,21141376.0,11066776.0,16230632.0
b8f7da85-d931-4fc7-9f7d-9a46520eba3a,33899046.37944451,62970624.0,37638588.0,49633096.0
ba650328-38b7-4b91-a706-8b5f1d15b5a1,13772951.220581356,38860562.0,11930796.0,23644072.0
ba69ad08-aa04-4401-9b76-53768b15554a,38209878.52790983,64762010.0,37525724.0,53495440.0
bb21188c-3636-4633-bf6f-b269bbc54048,7346960.098170093,39289316.0,14831531.5,26022984.0
bb3e9226-f97d-4df5-8ed5-6e6b85816b91,116339107.28304036,156521520.0,132659374.0,154386664.0
bc439237-b3f3-4e0f-95c2-f03048006564,15233049.475709153,42575876.0,14904264.0,24171664.0
c2d64a94-f1f1-4f90-88ed-06a5d19ee940,188426141.22415188,362349128.0,132898694.5,272679344.0
c40033dd-289e-4e79-b0a4-e4fd62a8da97,18416976.413206592,45431000.0,15692720.0,32339632.0
c40afbb4-0293-491b-b2b4-6cc57abba68b,129854638.6175679,174769256.0,150320298.5,167765061.0
c46680d9-7db6-4cf7-9710-5fee077e33e0,119357723.47408679,154649862.0,130629190.0,151292394.0
c50d64aa-1d7f-440f-a3b3-fb72901f425a,521493662.3794517,301599880.0,301599880.0,301599880.0
c594674c-4fc8-47f0-aa9d-ded657afc987,916037.9221503179,2060544.0,882876.0,1498608.0
c5b4f757-4e3d-4bf5-9392-ff798c5de974,112045354.8185526,147897440.0,127177912.0,145675324.0
c6a1d43f-c2ec-499e-b2cb-ec8b8f8ddd36,7190356.093418716,14019640.0,7256020.0,10436088.0
c6c6149a-decf-41f2-a962-2027d9f62b02,141626.78034848874,1364428.0,149144.0,340280.0
ca3717c3-902b-4c92-b616-f9ac505da8b9,9861712.64185545,74231200.0,28404828.0,54158368.0
cab055bc-39d4-40a0-a59f-d34e3a3f2359,12119610.757332917,19471448.0,11836876.0,16203120.0
ce53945e-0bf2-44b2-a525-929291efb570,120657677.82962045,153806608.0,134053640.0,151497832.0
cf937433-9a1d-47b7-b1df-ec83762e4a81,11569380.98086058,21977744.0,10762784.0,16506800.0
d0ab0afb-6737-4be4-9dd7-cdf2fdc7027b,3154640.638825575,9736352.0,2930752.0,5479232.0
d186de20-a4da-4369-9864-3646ff421db6,230398388.50336993,260026048.0,223172276.0,235358128.0
d5fa4f27-abd8-4a27-a8a8-61d50eb8ec3f,50102700.96082775,82217778.0,46757630.0,66554424.0
d5fab82d-4423-45e6-bdba-aea92cbf7832,240334136.8258182,276687492.0,201360720.0,211620420.0
d803b205-0ec8-4499-96ee-2e89716c8c65,37781430.49232208,71684246.0,37258528.0,52134608.0
db0ccf59-602c-45bc-8a49-4a334853400c,232737792.52439493,290306892.0,205454776.0,231610452.0
db123cc5-2452-4184-8904-dacb535c397f,123044482.71879666,172029640.0,133251624.0,166071024.0
dc5d74a1-906f-42f1-a978-12830e9f215e,215037813.646702,239604904.0,211593589.0,217450152.0
dcf1e5eb-06fa-4940-9513-b18c87d0c82f,4532381.820734109,14762600.0,4504116.0,8243056.0
dd144e66-a450-441f-88e6-2403277bccba,120496502.15346798,153983624.0,137314572.0,151458384.0
e1800760-4ea8-493d-ae08-d557ae5128df,64280481.895206004,174307036.0,32119000.0,147322416.0
e22d95c0-6b7e-42ae-8302-cd1e121fffb4,25975462.091071725,292147068.0,2450016.0,71072184.0
e416f307-c56a-4b24-917b-71c342a68f6b,135403.6742051607,438340.0,124052.0,250504.0
e427bc71-33e2-4342-8683-52bc508573e0,138527.31513753897,581776.0,134664.0,251952.0
e44cfb32-b886-48dd-b920-c989cb71fa91,107062033.58814235,142801912.0,116865692.0,138523080.0
e547b5a3-63ef-4ae0-a2a0-939feed488be,2938095.708013445,5224204.0,2891530.0,4019056.0
e8fe9bdf-6c63-4e7c-afa2-d69cd043ba7e,141157.9518793049,665358.0,136836.0,267880.0
eb602615-2fa2-46a6-8f2b-66cb2b8f1fb2,44489809.178937264,80950440.0,41641716.0,58099552.0
eb7857d4-48b8-4f33-b44d-45b4814cfd34,3244754.1569432425,12693288.0,3189944.0,6298840.0
eca3a3be-aa12-4de0-96dc-8036c011cf50,233774671.12032077,359422560.0,212180056.0,288817016.0
edb86760-ae45-42c4-8f27-4dc60dfe4dc6,104546323.61732276,163359880.0,116198656.0,151286640.0
ee6af797-848b-477f-a57f-2491762e3a67,6617658.299521548,42346960.0,12907996.0,29805167.0
ef198208-6a7f-4a30-9cba-3f55295ed4c2,8000119.442093259,13999406.0,7986648.0,11256264.0
ef30abd9-8e8d-421d-bdb7-6e62b2450206,129767.82236903605,511600.0,111496.0,230232.0
f0dc35a3-4e0d-4b5f-91a9-46388d113690,244682801.19805092,298373432.0,217322446.0,241781730.0
f0e62280-8141-43f2-98d4-99a8f1c4066e,41616.87395181243,81920.0,49152.0,65536.0
f2257478-2a8e-436b-b3cf-97038db9a212,10343026.336555533,12533760.0,11100160.0,11665408.0
f24e565e-ec26-45fe-94c3-9f11d9ccd597,1006786838.8127506,695399446.0,695399446.0,695399446.0
f6d641a5-8b16-4f58-b7d6-7776ab813d7f,92211403.60031143,164921344.0,83255296.0,128630784.0
f7186b93-98e9-4410-9266-3e83342eaeca,141698688.4324504,248637528.0,176980352.0,232580656.0
f7212e3e-549e-4bc0-b780-84fb08ae0eab,1627762.119976371,3858780.0,1530810.0,2625080.0
f856950a-93b7-443f-8e06-7e1088e04376,111626942.3729882,145333856.0,121677790.0,139926696.0
f956fe34-1c6d-49b8-add7-ad96dbbc6704,2856917.6570578027,10097744.0,2720792.0,5904696.0
f96b3600-8b22-41c9-bf56-2483e33ec301,11952726.13562559,16522560.0,12003120.0,14724000.0
fa867e00-8cfe-4e59-8b20-5657746c407f,11654036.226637002,42527546.0,9569108.0,23114160.0
fa8e7d91-f803-4f66-9844-492453bb183e,129044.11422329796,1035998.0,122678.0,219118.0
fb3b51aa-f6e2-45ab-bef8-9c83b0ef5d60,21587411.759475976,67319676.0,17412924.0,37086176.0
ff98f515-293e-453e-841c-2b3e5adda780,82716586.93084368,153851448.0,71582644.0,143449016.0
