sub_job_id,elapsed_seconds_ee,earliest_end_time,ee_download_speed_x,non_ee_download_speed,ee_download_speed_y,elapsed_seconds_non_ee,ee_download_speed,difference,percentage_difference
02844f7a-7290-49ee-9809-c0b6af6c8ae5,,,,93.22637076870973,93.22637076870973,2024-11-05 11:51:17.022892+00:00,93.22637076870973,0.0,0.0
0296a273-bc4e-4992-8ad1-1fdc086001e3,22.43513,2025-01-13 13:06:47.017467+00:00,219.53083658702758,205.87823596628766,,2025-01-13 13:07:24.053185+00:00,219.53083658702758,13.652600620739918,6.631395764910049
03b9a246-32ef-4d0e-951c-418ecf2850ed,15.591029,2024-11-12 11:26:55.031771+00:00,397.3553882127263,456.3732429234198,,2024-11-12 11:26:58.016157+00:00,397.3553882127263,-59.017854710693484,-12.931927019349112
042cf651-d5e7-4e53-8808-36cb94f93fc0,,,,10.58398908551355,10.58398908551355,2024-12-10 13:48:19.017424+00:00,10.58398908551355,0.0,0.0
05d0a4cf-b8f5-4a5d-8036-19f2630e47b0,,,,1.0082312367269175,1.0082312367269175,2024-11-12 10:23:22.210356+00:00,1.0082312367269175,0.0,0.0
05e81d10-ea99-46c5-9856-54482b14ddcf,12.336545,2025-01-10 13:54:59.045301+00:00,62.669207473235836,62.669207473235836,,2025-01-10 13:54:59.045301+00:00,62.669207473235836,0.0,0.0
0827d378-0c4c-4af9-9fa6-5a330ba98c97,5.115277,2024-12-18 14:55:26.013275+00:00,554.4557150624937,678.1053056370005,,2024-12-18 14:55:39.006525+00:00,554.4557150624937,-123.64959057450676,-18.234570581681623
0890c051-ba3b-4b3a-9bdf-41fcc88c743c,,,,1.014939083996292,1.014939083996292,2024-11-12 11:46:15.254719+00:00,1.014939083996292,0.0,0.0
09f62e91-9705-464e-820b-827ac9983032,52.797654,2024-11-08 10:59:24.000406+00:00,91.86078381364341,93.56891295616444,,2024-11-08 10:59:31.006883+00:00,91.86078381364341,-1.708129142521031,-1.825530604722599
0a24427b-64cc-43b0-b525-529cce258e6c,42.576869,2024-11-12 13:01:41.012429+00:00,131.10273430130238,148.0999643044218,,2024-11-12 13:01:58.054838+00:00,131.10273430130238,-16.997230003119427,-11.47686299787443
0b063801-4312-4ae8-83dd-e317702afbcf,,,,1.0321975216604609,1.0321975216604609,2024-11-12 12:31:52.020317+00:00,1.0321975216604609,0.0,0.0
0c345b43-8769-4a48-8056-2b83ecb1cf7e,0.988105,2025-05-26 09:58:36.000086+00:00,767.1891174312673,37817.12883609461,,2025-05-26 09:58:36.062529+00:00,767.1891174312673,-37049.93971866334,-97.97131844472808
0c83fb84-1ada-4629-a142-6e5a648e5df8,,,,10.41402789946094,10.41402789946094,2025-05-26 11:21:56.126771+00:00,10.41402789946094,0.0,0.0
0d39341d-f7d8-42cb-ae20-aecb1c183be6,,,,75.05882828312231,75.05882828312231,2025-01-13 12:39:58.127591+00:00,75.05882828312231,0.0,0.0
0d68e0f4-0fb0-47af-9444-240532ea6a05,3.564517,2024-11-12 10:19:19.000296+00:00,1404.4363587553605,1603.9968119059042,,2024-11-12 10:19:21.009886+00:00,1404.4363587553605,-199.5604531505437,-12.441449488507498
0d7afd25-323b-4832-8626-df72dc3f9b3f,7.98224,2025-05-26 11:19:09.000560+00:00,852.0985639648866,885.2104009160021,,2025-05-26 11:19:12.002847+00:00,852.0985639648866,-33.11183695111549,-3.740561217632765
0dda668f-7681-4e7a-af57-caafca5f69b6,,,,1.100497959579866,1.100497959579866,2024-11-12 12:07:00.089526+00:00,1.100497959579866,0.0,0.0
0ef08a46-d69c-4963-8617-fa7f0a8d4b2a,,,,1.0589869178873341,1.0589869178873341,2025-05-26 15:34:24.099392+00:00,1.0589869178873341,0.0,0.0
10619138-f294-420b-b387-1f510da29e5a,,,,23.914573703684113,23.914573703684113,2024-11-12 13:17:50.073060+00:00,23.914573703684113,0.0,0.0
114e3e17-1cc1-4189-9350-8d8b23a568d0,,,,79.2219983537204,79.2219983537204,2024-12-10 13:52:24.056385+00:00,79.2219983537204,0.0,0.0
11af8522-5620-46ed-8421-7053249ba359,,,,52.94491705246702,52.94491705246702,2024-12-10 14:17:22.025977+00:00,52.94491705246702,0.0,0.0
128b1da1-12db-4085-840a-8a87c486454e,,,,1.0394396206520682,1.0394396206520682,2024-12-18 15:19:34.324005+00:00,1.0394396206520682,0.0,0.0
12b6557c-e473-40d7-ade5-d3367a0aa177,27.197503,2025-01-13 13:09:02.001138+00:00,170.98164727814154,169.63219807764565,,2025-01-13 13:09:34.113165+00:00,170.98164727814154,1.349449200495883,0.7955147759614599
1311eb85-8f3c-46a3-a503-5402de4215c0,13.198026,2025-05-26 14:55:25.075994+00:00,55.5924107899024,55.5924107899024,,2025-05-26 14:55:25.075994+00:00,55.5924107899024,0.0,0.0
1425dadb-d6a0-4f2a-941f-31b93b5dacb9,0.494258,2025-05-26 09:53:30.000481+00:00,765.5281272638221,11708.085529833239,,2025-05-26 09:53:30.061582+00:00,765.5281272638221,-10942.557402569417,-93.461543090771
15fd166e-bf23-49c2-9d5c-fd07b55e3b43,,,,1.0103834885608458,1.0103834885608458,2024-11-12 13:36:33.650872+00:00,1.0103834885608458,0.0,0.0
160543cb-51ef-4ac9-b61a-754451a72ad7,,,,104.15668759081917,104.15668759081917,2025-01-13 12:52:19.535772+00:00,104.15668759081917,0.0,0.0
16c29ef3-f51c-4c8b-a726-32e0bd8de72e,16.824027,2024-11-12 11:26:11.000998+00:00,362.1404111911263,425.6959809786788,,2024-11-12 11:26:13.008617+00:00,362.1404111911263,-63.555569787552486,-14.92980263554231
16dcbb2a-03ef-4ae8-9195-8e2bf6299f8f,3.528554,2024-11-12 10:18:54.000296+00:00,1631.145530044581,1772.530513676635,,2024-11-12 10:18:55.042923+00:00,1631.145530044581,-141.38498363205417,-7.976448503489469
17d14387-f757-4734-9211-5c9c08567a27,4.523167,2024-11-12 12:01:39.001049+00:00,323.04812501104357,425.0289844762377,,2024-11-12 12:02:05.004395+00:00,323.04812501104357,-101.98085946519416,-23.993859993069634
18ed96cd-946f-4f44-b0b1-161ca3398a12,,,,85.23917715390685,85.23917715390685,2025-01-13 12:41:18.077440+00:00,85.23917715390685,0.0,0.0
19765f0e-cb5e-4c73-8dde-e1c419eb8d84,,,,1.1953906089709703,1.1953906089709703,2024-11-12 11:44:46.037108+00:00,1.1953906089709703,0.0,0.0
198bbd0b-afe9-41b9-a714-09d8f773b30a,29.447818,2024-11-12 13:04:13.002483+00:00,200.5650235182817,221.65989245514626,,2024-11-12 13:04:28.002681+00:00,200.5650235182817,-21.09486893686457,-9.51677306309855
19e0ce5e-afea-43e8-86c6-2626302371c0,,,,23.588941404043833,23.588941404043833,2024-11-12 11:29:49.059912+00:00,23.588941404043833,0.0,0.0
1a3761e3-991c-41ae-8d59-7e06104019b4,,,,1.0324225292756133,1.0324225292756133,2024-11-12 12:52:09.009717+00:00,1.0324225292756133,0.0,0.0
1a50dc56-eb14-4af2-a734-92eacf473633,,,,11.953837255671761,11.953837255671761,2025-05-26 11:23:17.029537+00:00,11.953837255671761,0.0,0.0
1a9e34d9-1e51-40c9-8bc6-d4cd635fb933,1.727695,2025-01-15 12:01:40.056779+00:00,367.4584533192052,367.4584533192052,,2025-01-15 12:01:40.056779+00:00,367.4584533192052,0.0,0.0
1bfbdcc8-25ec-4989-a764-172d5792eb49,3.287263,2024-11-12 11:24:22.013644+00:00,1072.6773487127368,1477.2462376975525,,2024-11-12 11:24:24.005880+00:00,1072.6773487127368,-404.56888898481566,-27.386692797768085
1d4904ce-c854-45bc-a9cb-a4111fd954d3,,,,37.018137894301375,37.018137894301375,2024-11-12 13:29:37.351486+00:00,37.018137894301375,0.0,0.0
1ddacce1-fc4f-45d7-aef0-f53c972caf5c,1.601488,2024-12-18 14:30:36.004957+00:00,2585.979725653518,2406.1985378060212,,2024-12-18 14:30:36.040270+00:00,2585.979725653518,179.78118784749677,7.471585782419342
1eda0c49-cd51-42ba-ba24-29570a3ec9ab,1.758764,2025-01-21 11:08:45.001739+00:00,334.7383684969401,334.7383684969401,,2025-01-21 11:08:45.001739+00:00,334.7383684969401,0.0,0.0
1f679ce0-7f2c-4c81-b44d-ec7f765544ad,0.470683,2025-05-26 09:53:50.000315+00:00,800.6353284925683,14710.777752502263,,2025-05-26 09:53:50.061595+00:00,800.6353284925683,-13910.142424009695,-94.55749150750114
205c37a1-b5f3-4cce-8a0a-7f4d30dc7996,27.166354,2025-05-26 14:56:14.072229+00:00,159.42769893758253,173.06080299224755,,2025-05-26 14:56:33.153247+00:00,159.42769893758253,-13.633104054665012,-7.877638274494614
20974f9e-030d-402b-9e9f-49753a82ed3b,36.083308,2025-01-13 12:59:41.000620+00:00,118.36958495191652,117.40436018899672,,2025-01-13 13:00:05.043962+00:00,118.36958495191652,0.965224762919803,0.8221370666012667
20df1720-4440-400e-8515-22ad2d239b43,30.209015,2025-01-13 12:47:49.012130+00:00,26.25582404449337,26.25582404449337,,2025-01-13 12:47:49.012130+00:00,26.25582404449337,0.0,0.0
210c79e9-f8db-48a7-ad72-414605ca7f90,,,,23.51490451303069,23.51490451303069,2024-11-12 12:56:22.012852+00:00,23.51490451303069,0.0,0.0
21623201-f500-42af-8b23-7e03c641176e,8.896363,2024-11-12 11:23:58.057380+00:00,748.703755472316,790.3933008277922,,2024-11-12 11:23:59.097143+00:00,748.703755472316,-41.6895453554763,-5.274531718805578
21b95281-18e7-45df-814b-70635dc55764,34.174514,2024-12-10 14:22:17.005944+00:00,159.0665254670114,162.00485429123793,,2024-12-10 14:22:39.013100+00:00,159.0665254670114,-2.938328824226545,-1.8137288768793793
21bf35ec-94e3-48f4-ba8b-30fef1983681,4.609883,2025-01-13 13:13:40.012574+00:00,147.4704097346651,147.4704097346651,,2025-01-13 13:13:40.012574+00:00,147.4704097346651,0.0,0.0
227632d6-329d-4776-a810-a1d83d25f8df,,,,1.018356198777101,1.018356198777101,2024-11-12 10:22:02.246664+00:00,1.018356198777101,0.0,0.0
22b23c8d-cf13-44c6-99c0-f6da535d7c30,9.839258,2024-11-12 13:00:01.000821+00:00,650.3044636649352,696.0989381637222,,2024-11-12 13:00:04.165364+00:00,650.3044636649352,-45.794474498787054,-6.578730693023441
23573a99-b1bb-4faa-95ef-f68ba1972596,19.181092,2024-12-10 14:18:07.001125+00:00,179.52458752921763,218.05151261732414,,2024-12-10 14:18:49.030705+00:00,179.52458752921763,-38.52692508810651,-17.668726359959017
236adce9-d8f8-4aa6-b325-f320c0b35e71,,,,89.24508385246874,89.24508385246874,2024-12-10 13:55:10.037204+00:00,89.24508385246874,0.0,0.0
23877fa4-56b9-4043-aa3e-1d52c266a0fa,7.738388,2024-11-12 13:00:31.002512+00:00,839.722413737008,881.2440465029225,,2024-11-12 13:00:32.095605+00:00,839.722413737008,-41.521632765914546,-4.711706471174083
25518521-3908-4be7-b6e8-cbbb3db73b7d,4.217017,2025-01-10 13:55:56.011548+00:00,725.3327513318815,752.6520566246196,,2025-01-10 13:56:09.003611+00:00,725.3327513318815,-27.319305292738136,-3.6297390078565166
26382a1c-6b65-4f6a-8a58-b20188142f1b,0.828592,2024-12-18 14:29:45.000106+00:00,767.775179020899,7533.081854355823,,2024-12-18 14:29:45.046813+00:00,767.775179020899,-6765.306675334925,-89.80795385122556
279096a6-8f5a-47ea-99ea-fd755443bb63,,,,77.70955617717135,77.70955617717135,2024-12-10 13:51:05.002873+00:00,77.70955617717135,0.0,0.0
284b9774-a23b-4510-be2f-b392ccdd8818,0.560336,2025-05-26 10:09:41.016167+00:00,615.6203264866207,615.6203264866207,,2025-05-26 10:09:41.016167+00:00,615.6203264866207,0.0,0.0
2985aa49-a121-4450-bb65-431df00dfffc,43.921903,2024-12-10 14:15:46.027777+00:00,125.62855766904826,119.9716172379031,,2024-12-10 14:16:02.120665+00:00,125.62855766904826,5.656940431145159,4.715232286922894
29e8616c-ab31-4c49-89f2-b014f89dad61,55.46111,2025-01-15 12:56:27.140309+00:00,23.856936789479988,1348.23296528027,,2025-01-15 13:04:53.000091+00:00,23.856936789479988,-1324.37602849079,-98.23050337709844
2b88623f-4cb0-4497-802f-fb7564849547,0.566373,2024-12-18 14:32:30.000430+00:00,796.7313479248864,7483.303498925222,,2024-12-18 14:32:30.046867+00:00,796.7313479248864,-6686.572151000335,-89.35321348333238
2bcc34d1-4ce0-42b4-ba37-a93ba7b1f881,43.345953,2025-01-13 13:03:43.018059+00:00,143.32139064410944,151.4250376085055,,2025-01-13 13:03:59.074907+00:00,143.32139064410944,-8.103646964396063,-5.351589864119593
2be9eb4c-88c6-4127-86d1-d236b75d106b,53.166103,2025-01-13 12:50:22.006329+00:00,89.26141279923635,90.03215317567688,,2025-01-13 12:50:29.044794+00:00,89.26141279923635,-0.7707403764405285,-0.8560723577682379
2c1b76dd-520f-47b1-bced-b4930b66f6b3,,,,6.74004742918784,6.74004742918784,2024-12-10 13:41:14.094310+00:00,6.74004742918784,0.0,0.0
2c5394ba-3720-4350-9c93-274598b4eb23,0.855057,2025-01-21 11:09:04.000201+00:00,764.3108781159111,6040.936969703192,,2025-01-21 11:09:04.068287+00:00,764.3108781159111,-5276.626091587281,-87.34780909072349
2d6ef7a6-0091-4c1e-b53e-477f4861d265,,,,1.0698628822833598,1.0698628822833598,2025-05-26 15:31:41.006321+00:00,1.0698628822833598,0.0,0.0
2f031337-e8ab-4676-96f1-bea5d72c80c1,7.031429,2025-05-26 17:18:39.035964+00:00,693.8476528321085,725.1599810618078,,2025-05-26 17:18:41.024148+00:00,693.8476528321085,-31.312328229699347,-4.317989002075183
2f4843a9-099f-44b2-a8e9-8e62b17770a9,11.340746,2025-01-10 14:29:58.001676+00:00,64.54570961274595,64.54570961274595,,2025-01-10 14:29:58.001676+00:00,64.54570961274595,0.0,0.0
2f9a98c9-b209-45b7-a10e-dd29248c9782,2.421391,2025-01-10 14:27:50.000844+00:00,203.91027228064786,203.91027228064786,,2025-01-10 14:27:50.000844+00:00,203.91027228064786,0.0,0.0
300af3e0-149b-4b05-804c-141a221e22ad,,,,1.0976818318141028,1.0976818318141028,2024-11-12 12:53:37.001029+00:00,1.0976818318141028,0.0,0.0
303979f8-7f32-49cf-a6de-29e1e2576b86,7.951856,2025-05-26 18:11:43.000163+00:00,709.139222794546,730.4867987592547,,2025-05-26 18:11:43.096539+00:00,709.139222794546,-21.347575964708767,-2.9223766946874354
3080b738-1c85-4c6c-809b-be45244f8ba5,20.513471,2025-01-13 13:05:25.000782+00:00,178.31517255738615,200.36071924628254,,2025-01-13 13:06:04.041400+00:00,178.31517255738615,-22.045546688896394,-11.002928504063764
312a0365-7d2b-45f0-add0-11c4a0e7a22c,,,,1.0768201355454392,1.0768201355454392,2024-11-12 12:37:40.058067+00:00,1.0768201355454392,0.0,0.0
316fb96f-c43e-43e7-bbaf-d853c61f41c1,,,,1.3135154436797967,1.3135154436797967,2024-11-12 11:58:44.095997+00:00,1.3135154436797967,0.0,0.0
32ac6926-9a00-42c6-a7ec-25e90c42d56c,0.898021,2025-01-15 12:07:29.000990+00:00,510.3537106697672,510.3537106697672,,2025-01-15 12:07:29.000990+00:00,510.3537106697672,0.0,0.0
33799a78-2fee-41dd-9f31-9f93bf6f4f2a,0.41239,2025-05-26 10:16:46.000174+00:00,779.2946710349676,27758.884288917914,,2025-05-26 10:16:46.077392+00:00,779.2946710349676,-26979.589617882946,-97.19262970757768
33f37e53-d6ec-4cb6-a7b4-da852b28a58f,,,,1.0382788029078134,1.0382788029078134,2024-12-18 15:18:14.100871+00:00,1.0382788029078134,0.0,0.0
34820c9a-83fe-41b1-9498-00c0e5958382,,,,103.46130548765873,103.46130548765873,2025-01-13 12:56:49.671731+00:00,103.46130548765873,0.0,0.0
36ecf46d-7042-4d2a-b4e5-b15756bb7cf1,7.693684,2025-05-26 14:54:09.000679+00:00,720.3107460267761,743.9676730099254,,2025-05-26 14:54:10.000230+00:00,720.3107460267761,-23.656926983149333,-3.179832651523519
38d29936-d9d1-4f8a-a321-87e6026797d9,,,,1.0569308657212568,1.0569308657212568,2025-05-26 11:27:24.080443+00:00,1.0569308657212568,0.0,0.0
38f82f7a-4230-47b8-a84e-266bb4c09998,,,,0.9929497816058293,0.9929497816058293,2024-11-12 12:11:55.150598+00:00,0.9929497816058293,0.0,0.0
39c39f47-c73d-4d2a-9751-a63ea8e105c4,,,,1.0386652737330921,1.0386652737330921,2024-11-12 11:38:48.225812+00:00,1.0386652737330921,0.0,0.0
3a28f1cc-a632-4240-ac85-7f87e4f0a157,,,,1.0579005315602994,1.0579005315602994,2025-05-26 15:27:19.019811+00:00,1.0579005315602994,0.0,0.0
3f294494-3fe7-47fd-8f2a-f15a536fc8da,47.507172,2024-11-08 11:03:45.000581+00:00,89.38190766013496,93.33738023534177,,2024-11-08 11:03:58.000874+00:00,89.38190766013496,-3.9554725752068123,-4.237822580013972
4083e653-1fcc-40c4-8a71-9f9a12d0287c,8.751169,2024-11-12 11:25:28.000696+00:00,544.8046253397364,694.7065247187547,,2024-11-12 11:25:31.049994+00:00,544.8046253397364,-149.90189937901835,-21.57773017026214
40ac1472-e8b4-4741-a40a-ad038c79b216,23.030076,2025-05-26 14:57:15.003560+00:00,198.5570548563645,237.4739743149408,,2025-05-26 14:57:44.056613+00:00,198.5570548563645,-38.9169194585763,-16.387867163483026
423380c4-2a5a-43c5-9b36-7f47343f54a7,,,,1.0551705053759348,1.0551705053759348,2024-12-18 15:22:01.177188+00:00,1.0551705053759348,0.0,0.0
4332d13b-86ad-4d68-9460-3d2498a766ad,12.104208,2025-01-13 12:57:27.000764+00:00,64.64785200017063,64.64785200017063,,2025-01-13 12:57:27.000764+00:00,64.64785200017063,0.0,0.0
43ee8332-acdb-465f-be2d-c2779979d1af,15.054662,2025-01-13 13:17:56.067609+00:00,211.11265798575093,245.71500999479488,,2025-01-13 13:18:41.107083+00:00,211.11265798575093,-34.602352009043955,-14.082311052050486
451b4d52-d6bb-4a18-95d0-5ca00c60a2c6,,,,61.66777422732881,61.66777422732881,2025-06-16 08:20:27.066512+00:00,61.66777422732881,0.0,0.0
47e9c760-e666-4bc5-af42-1738748f8da5,26.159442,2025-01-13 13:10:21.023826+00:00,157.9076556700741,149.57530615689694,,2025-01-13 13:10:55.007734+00:00,157.9076556700741,8.33234951317715,5.570671875768675
498d2432-ba1a-411c-be6b-530cd9af24e2,,,,63.42021342444534,63.42021342444534,2024-12-10 14:06:11.333908+00:00,63.42021342444534,0.0,0.0
4a80aa64-dde0-4323-b9e8-7222328b2cbf,,,,1.046748626325262,1.046748626325262,2025-05-26 15:24:30.013731+00:00,1.046748626325262,0.0,0.0
4ab1c67f-0fef-4f58-9b69-1bd4a602f8ed,7.743666,2025-05-26 21:37:44.001850+00:00,811.9065107882261,860.1023701913167,,2025-05-26 21:37:49.024242+00:00,811.9065107882261,-48.195859403090594,-5.603502684496749
4b1335a8-ea18-4722-976c-eb6d5b59109b,9.013726,2024-11-12 11:24:53.006927+00:00,545.4948557683766,687.1431301809777,,2024-11-12 11:24:56.077260+00:00,545.4948557683766,-141.64827441260104,-20.61408579829564
4c35d901-992b-4e79-82c9-821ff63c79fc,14.801539,2025-01-10 14:31:33.015166+00:00,330.3911284440887,371.12067799574584,,2025-01-10 14:31:44.001546+00:00,330.3911284440887,-40.72954955165716,-10.974745404006844
4dc5f42f-8962-4831-a828-b021123d7b02,,,,1.0920933511997188,1.0920933511997188,2024-11-12 11:40:20.127876+00:00,1.0920933511997188,0.0,0.0
4e460163-81d4-412f-9c8d-928cfb6b35e9,0.652631,2025-05-26 10:10:01.000040+00:00,741.3677921166142,30951.683343735574,,2025-05-26 10:10:01.074022+00:00,741.3677921166142,-30210.31555161896,-97.6047577642763
4e631cda-0ce6-41af-a997-a6a36f80b79a,,,,81.90233856819384,81.90233856819384,2024-12-18 14:34:46.037468+00:00,81.90233856819384,0.0,0.0
517b14a6-e014-49e5-815b-9aee535c6f3c,,,,22.561990392935126,22.561990392935126,2024-11-12 12:55:03.130030+00:00,22.561990392935126,0.0,0.0
517f317f-7108-48be-99a6-78118eb16adb,49.862927,2025-01-13 12:55:24.035259+00:00,120.80681153521972,120.87892173133483,,2025-01-13 12:55:27.046031+00:00,120.80681153521972,-0.07211019611510494,-0.059654896885477586
51e5ebcf-f008-4319-ad32-ef48797f015c,,,,0.7956508683359467,0.7956508683359467,2025-05-26 11:26:04.033169+00:00,0.7956508683359467,0.0,0.0
530ab850-70c0-4a33-819c-c638477bb3f3,26.299696,2024-11-12 13:05:15.002832+00:00,189.47274697480216,217.4937959525118,,2024-11-12 13:05:32.000959+00:00,189.47274697480216,-28.021048977709626,-12.883608405927966
544c0676-3d35-4521-9213-f200d01f6ab6,1.660261,2024-11-12 12:50:33.000370+00:00,1028.1942838579178,1716.8840913373838,,2024-11-12 12:50:42.001982+00:00,1028.1942838579178,-688.689807479466,-40.11277237376021
5509c73a-583c-4db9-8bc0-bbf2a97bd30a,,,,1.2409741457925672,1.2409741457925672,2024-11-12 12:17:51.000461+00:00,1.2409741457925672,0.0,0.0
5557ac57-e218-4fe4-ab88-d2427a8c1e36,,,,36.91022267195609,36.91022267195609,2024-11-12 13:26:57.362283+00:00,36.91022267195609,0.0,0.0
557df711-10d1-4bcc-9301-28b870867e44,0.879117,2025-01-15 12:52:27.000183+00:00,474.5869642626849,474.5869642626849,,2025-01-15 12:52:27.000183+00:00,474.5869642626849,0.0,0.0
5627b82e-be74-464d-8dfe-4e52889593be,27.422563,2025-01-15 12:12:50.142676+00:00,113.23334378071343,1805.2168614509667,,2025-01-15 12:17:09.002196+00:00,113.23334378071343,-1691.9835176702531,-93.72743817107376
57d0cb1e-cda7-4851-8a62-b7662ec2002e,2.016486,2024-11-12 12:48:41.000337+00:00,1394.4116650859917,1835.6816663957397,,2024-11-12 12:48:51.019447+00:00,1394.4116650859917,-441.27000130974807,-24.038481692534276
59da326f-433b-4f68-943e-7e923a27af11,,,,37.02238841066011,37.02238841066011,2024-11-12 13:30:58.088497+00:00,37.02238841066011,0.0,0.0
5a0c7500-f8d9-4fc2-b4aa-6417ad27ae1b,17.178209,2024-11-12 12:21:30.053649+00:00,229.16362573300395,239.24890624266018,,2024-11-12 12:22:13.042090+00:00,229.16362573300395,-10.08528050965623,-4.215392524899215
5ac2a361-c4f0-4522-9892-76e64fa473cd,7.961687,2025-05-26 17:19:10.016364+00:00,699.970798035849,740.6052566590624,,2025-05-26 17:19:20.027649+00:00,699.970798035849,-40.63445862321339,-5.486655442673891
5baf384c-dfa8-4f82-a412-001ee0637d84,,,,1.0472716229072023,1.0472716229072023,2024-11-12 11:47:44.439564+00:00,1.0472716229072023,0.0,0.0
5bc2adc2-457a-48a9-8463-34769d8d17c0,21.951303,2025-05-26 15:29:48.032262+00:00,208.6195527206781,239.6195141256383,,2025-05-26 15:30:16.001217+00:00,208.6195527206781,-30.999961404960203,-12.937160614016676
5cd429dc-5cab-44d9-a6dc-7449907878e2,,,,1.1188662826522333,1.1188662826522333,2024-11-12 11:43:14.106837+00:00,1.1188662826522333,0.0,0.0
5cd6f07f-4f8f-4000-95e1-d118a119392b,,,,96.56306820064711,96.56306820064711,2024-11-05 12:03:08.009677+00:00,96.56306820064711,0.0,0.0
5d48b120-8b3e-484c-bee0-c80a8f58e5b0,7.752504,2025-05-26 18:11:18.000657+00:00,96.78860726049368,96.78860726049368,,2025-05-26 18:11:18.000657+00:00,96.78860726049368,0.0,0.0
5d8af224-0d10-405b-a134-8635bd3e5d4d,,,,1.0364435418454137,1.0364435418454137,2024-11-12 12:33:21.795058+00:00,1.0364435418454137,0.0,0.0
5dd2076f-224e-429a-bacc-38dcf541701e,,,,1.037820571742799,1.037820571742799,2024-11-12 12:10:32.395418+00:00,1.037820571742799,0.0,0.0
5df540e3-e1f2-49fc-82bd-7503e30a01ab,1.453602,2025-05-26 09:53:11.047709+00:00,518.9400525582715,518.9400525582715,,2025-05-26 09:53:11.047709+00:00,518.9400525582715,0.0,0.0
5facdd7d-043b-4778-bb3c-1e5dd742866e,7.764135,2025-05-26 21:36:44.000931+00:00,90.7068139245993,90.7068139245993,,2025-05-26 21:36:44.000931+00:00,90.7068139245993,0.0,0.0
5fb9e803-0031-43c0-a2c4-9a251333eab3,,,,1.3322086675528844,1.3322086675528844,2024-11-12 12:19:41.037892+00:00,1.3322086675528844,0.0,0.0
5ff8f49b-108a-4e37-b347-fb6131e34b9a,7.79147,2025-01-15 12:05:11.002049+00:00,301.4289050433189,710.0073886519331,,2025-01-15 12:05:24.033851+00:00,301.4289050433189,-408.5784836086142,-57.54566644501662
60402fe5-d6a8-4746-971a-8ce846c1f126,0.939466,2024-11-12 12:49:20.002270+00:00,1338.3296278741782,2217.9303141991977,,2024-11-12 12:49:23.004792+00:00,1338.3296278741782,-879.6006863250195,-39.65862591325854
60c2f62d-5c74-49bf-97cb-d19f1d318c0b,2.969443,2024-11-12 12:27:21.000122+00:00,1713.0268718870711,1790.2099030798797,,2024-11-12 12:27:23.008217+00:00,1713.0268718870711,-77.18303119280858,-4.311395611208652
61961d34-5b1d-417d-bc3a-d2f9f5cf45d9,33.23018,2025-01-13 12:58:18.026449+00:00,123.78773914797063,122.65047977678694,,2025-01-13 12:58:44.047569+00:00,123.78773914797063,1.1372593711836885,0.9272359743340591
628292d7-1aae-43c8-b61e-27b9e9a7bfbe,0.552972,2025-01-20 12:49:17.000952+00:00,817.2311358619174,5701.178903391452,,2025-01-20 12:49:17.038017+00:00,817.2311358619174,-4883.947767529535,-85.66557637095423
6316832d-ec55-4814-bed4-99e4bee45ade,0.471373,2025-01-20 12:49:37.000349+00:00,752.0134293220493,6837.870871776352,,2025-01-20 12:49:37.051241+00:00,752.0134293220493,-6085.857442454303,-89.0022282750904
6334998d-1e87-4e3d-a5d6-b0e61c6c0333,1.505285,2024-12-18 14:32:11.000099+00:00,2043.5179198464325,3079.7456199293497,,2024-12-18 14:32:11.079732+00:00,2043.5179198464325,-1036.2277000829172,-33.646535394916434
6436bbc6-8cb3-455b-9fc5-b0e7a932c08f,15.557909,2024-11-12 11:28:00.000464+00:00,405.97421242784435,467.38082146107894,,2024-11-12 11:28:01.089070+00:00,405.97421242784435,-61.40660903323459,-13.138452887577076
64806bf6-10e9-4b3b-bfc4-68b0eeeb3cd4,,,,1.0332967489273133,1.0332967489273133,2024-11-12 13:11:31.281519+00:00,1.0332967489273133,0.0,0.0
651ad2dd-5862-4bc5-bf0b-8d9aebcb570e,,,,1.0399912971133027,1.0399912971133027,2024-11-12 11:53:55.216182+00:00,1.0399912971133027,0.0,0.0
65de365a-da58-4b2d-b2c0-695695c558ec,2.384756,2024-12-18 14:49:23.000327+00:00,749.1268865493067,924.2463522991957,,2024-12-18 14:49:38.001045+00:00,749.1268865493067,-175.11946574988895,-18.947271505508688
6737d374-5add-40d1-8d72-cf8c916e71c6,18.653195,2024-11-12 13:33:32.000772+00:00,257.89922186101865,282.8272705311981,,2024-11-12 13:33:53.005493+00:00,257.89922186101865,-24.928048670179464,-8.813877326383809
6790e508-ecdb-4e1d-b59c-01abd3086403,,,,1.2680682084095296,1.2680682084095296,2024-11-12 13:08:36.026815+00:00,1.2680682084095296,0.0,0.0
681fbd29-b6f8-4324-aadc-58cde4703b07,,,,23.076007991795002,23.076007991795002,2024-11-12 11:32:09.035897+00:00,23.076007991795002,0.0,0.0
68bc358f-de47-4166-bc82-fe7992c054cd,0.821855,2025-01-15 12:02:19.000624+00:00,783.4149576375776,7600.217351243616,,2025-01-15 12:02:19.049979+00:00,783.4149576375776,-6816.802393606038,-89.69220324324819
6988371a-a726-410d-81ef-fd22528b3e2d,1.983997,2025-01-15 12:08:38.000294+00:00,474.0379557014452,2846.1384386949558,,2025-01-15 12:08:46.000183+00:00,474.0379557014452,-2372.1004829935105,-83.34452220395833
6db2c12b-b0d3-4abe-a435-252840009d29,2.512458,2025-01-15 12:10:16.000155+00:00,1151.4392906738954,4998.507650945853,,2025-01-15 12:12:01.022578+00:00,1151.4392906738954,-3847.0683602719578,-76.9643387370626
6eb93c38-c3fb-432a-a232-93207240f77c,1.381264,2024-11-12 12:57:59.000563+00:00,1728.7964729864061,2052.820152932855,,2024-11-12 12:58:03.003208+00:00,1728.7964729864061,-324.02367994644874,-15.784318927477283
706960d1-f9d0-4065-944e-8e2697adbb60,3.047432,2025-01-15 12:18:34.012098+00:00,751.9963488507896,1035.1071350518673,,2025-01-15 12:21:46.000766+00:00,751.9963488507896,-283.11078620107776,-27.350868003329104
7174ea45-8644-481c-b767-b7f12c25fd68,,,,3.1401604342098897,3.1401604342098897,2025-01-13 12:29:06.000988+00:00,3.1401604342098897,0.0,0.0
71db46de-5f75-43c5-8747-02ed9e2e32d2,,,,55.14685514988886,55.14685514988886,2024-12-10 14:04:51.313130+00:00,55.14685514988886,0.0,0.0
750378f3-3e06-485d-8a2c-8fe16a9f1f84,,,,1.0416151568931733,1.0416151568931733,2024-11-12 12:30:27.135557+00:00,1.0416151568931733,0.0,0.0
75c26e75-ee0d-448b-afa0-52a856f2ad5f,1.794805,2024-11-12 12:49:52.007427+00:00,1711.36976258007,1956.6016241799878,,2024-11-12 12:49:54.002137+00:00,1711.36976258007,-245.2318615999177,-12.533561179205014
7662125c-57c0-4c0f-a696-c8dda81ad2b7,26.268773,2024-11-12 13:20:02.009127+00:00,183.4044483651801,180.50117694037223,,2024-11-12 13:20:12.001083+00:00,183.4044483651801,2.903271424807855,1.6084501353511602
76878b9a-35a4-44dd-9197-e13383ccbcad,18.113837,2025-01-10 14:30:34.006254+00:00,234.26774787488586,257.61321290997523,,2025-01-10 14:31:00.003825+00:00,234.26774787488586,-23.345465035089376,-9.062215703682721
7740ad43-21c7-464e-b7f9-fcd63e3621d8,6.635552,2025-01-13 13:11:27.000794+00:00,120.54150672546253,120.54150672546253,,2025-01-13 13:11:27.000794+00:00,120.54150672546253,0.0,0.0
7772fb98-9d0e-4fd5-8913-6e60d0b9c8db,,,,0.9972122801144168,0.9972122801144168,2024-11-12 12:43:42.180031+00:00,0.9972122801144168,0.0,0.0
77944449-4aec-41b4-aecd-dff8bc91b7ee,,,,51.103706396898644,51.103706396898644,2024-12-10 14:02:05.381750+00:00,51.103706396898644,0.0,0.0
780b06a6-6c35-45c9-b42a-fdb449a029be,8.071846,2024-11-12 13:12:03.000240+00:00,840.6221611986805,887.7254842620704,,2024-11-12 13:12:06.005193+00:00,840.6221611986805,-47.103323063389894,-5.306068587469351
7846e223-742c-4253-8cc5-f5898dfb850b,,,,84.03807403067421,84.03807403067421,2024-12-10 14:12:01.141290+00:00,84.03807403067421,0.0,0.0
7b912d1b-5b3b-4fad-89e5-adc5ffdcb4a8,2.157072,2024-11-12 12:26:00.011479+00:00,1714.0735917402194,1944.0642882174193,,2024-11-12 12:26:03.003571+00:00,1714.0735917402194,-229.9906964771999,-11.83040591152911
7bfa9347-e2a1-4a75-b067-6399346ffd21,41.795192,2024-11-08 16:47:42.010574+00:00,88.92094042204195,97.35691898369816,,2024-11-08 16:48:00.016833+00:00,88.92094042204195,-8.435978561656214,-8.665001573302424
7d081531-e10c-4046-887b-c16f904fa491,55.068014,2025-01-13 12:49:04.015370+00:00,87.6092916564525,86.82673507709397,,2025-01-13 12:49:08.030613+00:00,87.6092916564525,0.782556579358527,0.9012852765495447
7d6c4ee6-befa-49d5-a4f8-8ace85af09b4,34.721122,2025-01-13 12:38:38.001610+00:00,22.673583483298184,22.673583483298184,,2025-01-13 12:38:38.001610+00:00,22.673583483298184,0.0,0.0
7dfed73d-1ab0-4755-8e55-3c6dc114de9e,,,,0.7431565160313565,0.7431565160313565,2024-11-12 13:40:16.165386+00:00,0.7431565160313565,0.0,0.0
8019c4c1-f562-43f0-8f0a-9e04f6da43b7,,,,13.6449865988797,13.6449865988797,2024-11-12 13:16:31.002311+00:00,13.6449865988797,0.0,0.0
804d4927-32b9-401f-8343-eee21adabd31,9.072245,2024-11-12 12:04:09.001145+00:00,337.1135720447883,395.9715461528941,,2024-11-12 12:04:35.003894+00:00,337.1135720447883,-58.85797410810579,-14.864192813839031
82bef855-998a-4d7d-91c2-a02d572be037,1.498531,2024-11-12 13:24:31.000481+00:00,812.6696848509984,1950.045255930269,,2024-11-12 13:24:45.009931+00:00,812.6696848509984,-1137.3755710792707,-58.325598732665604
83590a9f-1097-4efd-be32-8e97ea6197ca,,,,0.9920438631080857,0.9920438631080857,2024-11-12 11:41:42.243625+00:00,0.9920438631080857,0.0,0.0
835c57d6-bce6-4c93-8498-a9779133aa97,,,,1.7686074433191235,1.7686074433191235,2025-01-13 12:34:57.039756+00:00,1.7686074433191235,0.0,0.0
83fad3b0-81b4-4548-80f1-cde88ce8c944,7.053517,2025-05-26 11:18:13.035605+00:00,97.4843793600811,97.4843793600811,,2025-05-26 11:18:13.035605+00:00,97.4843793600811,0.0,0.0
84b03ce9-eb8e-4041-9e9e-d98b72757f20,4.798716,2024-11-12 11:59:19.000918+00:00,324.11257264897614,349.5780141216599,,2024-11-12 11:59:45.018973+00:00,324.11257264897614,-25.46544147268378,-7.284623301230068
853a7f44-64ed-4e31-8a47-80cb2c366ede,13.614854,2025-01-13 13:12:54.012944+00:00,333.86272042088393,379.955872462889,,2025-01-13 13:13:11.028187+00:00,333.86272042088393,-46.093152042005045,-12.131185588270398
853eab54-9593-4467-91e7-1cd895cff0bf,23.113099,2024-11-12 12:16:00.052546+00:00,241.1418887149607,262.28373966110155,,2024-11-12 12:16:23.000263+00:00,241.1418887149607,-21.141850946140863,-8.060679237477085
86f236b8-bf65-47be-aa7d-f5ba8c6f66b7,,,,15.591946773110415,15.591946773110415,2024-12-10 13:45:56.007456+00:00,15.591946773110415,0.0,0.0
86f7ed84-9097-437c-90a8-2095ca85cb26,,,,11.46340743839978,11.46340743839978,2025-01-13 12:37:37.103627+00:00,11.46340743839978,0.0,0.0
879d1cb2-9800-4663-a9b6-4aa27d92815a,15.564766,2025-01-13 13:15:06.010947+00:00,351.40764399741744,379.84582168046046,,2025-01-13 13:15:19.001168+00:00,351.40764399741744,-28.438177683043023,-7.486768593960265
880f65ae-7f5a-4741-8ad5-e254c23c987b,8.986861,2024-11-12 12:05:04.000696+00:00,292.0182110924908,389.99458946756346,,2024-11-12 12:05:26.034181+00:00,292.0182110924908,-97.97637837507267,-25.122496829721157
882d53dd-4589-41d3-bc7a-179557a6db3c,,,,22.882949576709905,22.882949576709905,2024-11-12 12:23:38.024101+00:00,22.882949576709905,0.0,0.0
88909834-c2f6-4070-bfb2-987725d5c101,,,,1.0325874091609466,1.0325874091609466,2024-11-12 12:36:13.105775+00:00,1.0325874091609466,0.0,0.0
88975411-3d29-4da0-a8af-537eed179e23,,,,0.4378061360338541,0.4378061360338541,2025-05-26 11:24:41.056370+00:00,0.4378061360338541,0.0,0.0
8a195fa0-d38d-4abc-85e2-ba85d7063007,,,,59.942926804196055,59.942926804196055,2024-12-10 14:03:26.075336+00:00,59.942926804196055,0.0,0.0
8c398ee3-e6a6-4921-8881-65c3659e452c,2.865426,2025-02-05 12:33:30.048365+00:00,276.4808061793757,276.4808061793757,,2025-02-05 12:33:30.048365+00:00,276.4808061793757,0.0,0.0
8cddc791-66ca-4ef9-83b2-a3893496efdd,34.419457,2025-01-13 13:02:14.024858+00:00,106.07500592684269,122.92307100863259,,2025-01-13 13:02:40.048844+00:00,106.07500592684269,-16.848065081789898,-13.70618627044121
8ef4a069-c736-447d-bf20-d4f1dcb380fd,10.05142,2025-01-10 14:34:26.128281+00:00,303.22905027822503,366.43594571068587,,2025-01-10 14:34:50.008894+00:00,303.22905027822503,-63.20689543246084,-17.2490980135352
90b8db9b-5dc8-4bae-b163-8e7ba01f5401,0.827876,2025-01-21 11:09:24.000340+00:00,787.9654423941721,7414.730801688746,,2025-01-21 11:09:24.068281+00:00,787.9654423941721,-6626.765359294574,-89.37297302533615
90b9640b-e12c-41a1-978e-d2f488bf82a3,7.179121,2024-11-12 11:50:35.000377+00:00,326.62539180842225,368.24104532604537,,2024-11-12 11:50:55.000477+00:00,326.62539180842225,-41.615653517623116,-11.301199050414404
90dcd4ed-2387-43a4-9bcb-25d676c8ed0e,,,,24.783057468358944,24.783057468358944,2024-11-12 11:34:35.006510+00:00,24.783057468358944,0.0,0.0
91054405-330d-4f3d-b648-b8ee64527891,3.669146,2024-11-12 11:28:23.000948+00:00,363.55629900433263,1061.6236689596426,,2024-11-12 11:28:26.032964+00:00,363.55629900433263,-698.0673699553099,-65.75469164505287
93223dcb-31a3-4abc-bea5-e20d974658b4,2.334652,2025-01-15 12:09:53.002149+00:00,139.00246573945697,139.00246573945697,,2025-01-15 12:09:53.002149+00:00,139.00246573945697,0.0,0.0
9401c51e-bd64-45ce-88a0-f9a5ecc224fc,,,,19.603514338797115,19.603514338797115,2025-01-13 12:25:24.038801+00:00,19.603514338797115,0.0,0.0
95649ddf-e6d1-433c-a1be-b5bfd0a5e0ad,5.865315,2024-11-12 12:13:27.005108+00:00,312.98265668718824,342.5982212592644,,2024-11-12 12:14:08.002577+00:00,312.98265668718824,-29.615564572076153,-8.644401148149656
95c4cf1e-bcef-4741-975e-695f98ee60d1,22.218824,2025-01-13 13:04:47.002636+00:00,34.32249881014109,34.32249881014109,,2025-01-13 13:04:47.002636+00:00,34.32249881014109,0.0,0.0
96ce0407-dd17-46c2-86f9-9c6cdc0422c8,,,,80.57899255524976,80.57899255524976,2024-12-10 13:53:49.075225+00:00,80.57899255524976,0.0,0.0
96cfedb9-626e-4c3e-bb32-75d5016a8769,,,,91.88619868773813,91.88619868773813,2024-11-08 10:58:11.011059+00:00,91.88619868773813,0.0,0.0
98f952e1-5d2b-493c-88e7-4b555578b430,10.265647,2025-01-10 14:33:41.000915+00:00,238.45005284904173,315.58990838466417,,2025-01-10 14:33:58.007298+00:00,238.45005284904173,-77.13985553562244,-24.44306788213225
9aedf7f8-e0be-4459-b2ae-5acd414696b8,9.793024,2025-01-13 12:54:14.004096+00:00,74.85032686157832,74.85032686157832,,2025-01-13 12:54:14.004096+00:00,74.85032686157832,0.0,0.0
9b6b74aa-de3c-46ea-a42c-df737ab824ae,36.306192,2024-12-10 14:21:04.001621+00:00,141.146703178822,159.5648209041662,,2024-12-10 14:21:22.001234+00:00,141.146703178822,-18.41811772534419,-11.542718263949931
9cfebe39-6b65-4e82-b09a-b027a777f2fc,7.911794,2025-05-26 18:12:13.000398+00:00,909.5424133655584,939.1616465496278,,2025-05-26 18:12:14.091122+00:00,909.5424133655584,-29.619233184069344,-3.153795014190263
9dbe34ea-f164-4238-a664-8cce5a403a69,10.049123,2025-05-26 14:27:48.000933+00:00,730.033970343404,745.4563125535262,,2025-05-26 14:27:48.153852+00:00,730.033970343404,-15.422342210122224,-2.0688458800883587
9e454ee0-3f51-40c9-b209-cb04a813b102,,,,1.053875218995297,1.053875218995297,2024-12-18 15:23:22.105962+00:00,1.053875218995297,0.0,0.0
9ed2a16d-c4d3-409c-b7b1-8679a5b01a3e,2.271147,2024-11-12 13:13:37.000119+00:00,1735.851913523648,1903.2888518445216,,2024-11-12 13:13:40.003228+00:00,1735.851913523648,-167.43693832087365,-8.79724263390744
9f342142-275c-498d-9b47-8f953ec3b8bf,18.843929,2024-11-12 13:22:15.004376+00:00,194.7223077751818,206.63905532768467,,2024-11-12 13:22:27.002087+00:00,194.7223077751818,-11.91674755250287,-5.766938652330507
9f554205-d98a-4ee2-9874-2991cd94d3be,7.766065,2025-05-26 14:54:39.091851+00:00,779.0089191990097,805.9907419743602,,2025-05-26 14:54:46.074730+00:00,779.0089191990097,-26.98182277535045,-3.347659144229821
9f89a1dc-139f-4e79-aa1c-79a7cefd3c9a,1.303394,2024-11-12 13:25:08.000998+00:00,562.6799400246673,2922.59010565006,,2024-11-12 13:25:28.005298+00:00,562.6799400246673,-2359.910165625393,-80.74721669190376
9fc0bc38-154a-4387-b1e5-9f2143fa5815,,,,1.0115990357131608,1.0115990357131608,2024-11-12 13:38:33.033925+00:00,1.0115990357131608,0.0,0.0
a057e966-83a9-47e6-bf0f-b84c65994c34,,,,18.08319043017834,18.08319043017834,2025-01-13 12:30:26.081235+00:00,18.08319043017834,0.0,0.0
a060f665-db3b-4796-91ba-de68a213e1f2,,,,8.460208775618836,8.460208775618836,2024-12-10 13:44:36.087617+00:00,8.460208775618836,0.0,0.0
a10c50d0-6b2a-4d16-8ba4-dc9eb0774c46,,,,1.1474748503823067,1.1474748503823067,2024-11-12 13:10:08.042458+00:00,1.1474748503823067,0.0,0.0
a130ea89-8457-4238-8d48-d02340e4af86,,,,54.43710518289981,54.43710518289981,2024-12-10 14:13:37.095057+00:00,54.43710518289981,0.0,0.0
a14f7205-7557-412a-bdee-93ddf94c114d,,,,1.0374959008170141,1.0374959008170141,2024-11-12 12:34:43.014071+00:00,1.0374959008170141,0.0,0.0
a192ef38-c4d5-4603-a760-4fe8e91ed922,27.300894,2025-01-13 13:08:17.060403+00:00,29.244427575667828,29.244427575667828,,2025-01-13 13:08:17.060403+00:00,29.244427575667828,0.0,0.0
a284911b-2e5f-48be-82ba-7ba0b3e36ff9,0.857368,2025-01-15 12:01:59.000713+00:00,782.3568089384231,6077.51083192777,,2025-01-15 12:01:59.059844+00:00,782.3568089384231,-5295.154022989346,-87.12701909425866
a2938374-b5b4-49c7-960a-b1e8f306078d,12.878917,2024-11-12 13:42:22.000685+00:00,242.11395658278482,317.66718075451416,,2024-11-12 13:42:48.002024+00:00,242.11395658278482,-75.55322417172934,-23.783767650242446
a31d9578-11bc-40bb-a86d-aafcb8087458,6.941425,2025-01-10 14:28:45.005423+00:00,681.2469548253657,735.6930658450791,,2025-01-10 14:28:55.002182+00:00,681.2469548253657,-54.446111019713385,-7.40065572823797
a34ce84d-e88f-4ec4-8d03-64979d06d8eb,1.005126,2025-01-15 12:23:43.000399+00:00,791.0866743751219,791.0866743751219,,2025-01-15 12:23:43.000399+00:00,791.0866743751219,0.0,0.0
a40ae954-9fb9-436c-974e-a370148900ff,55.827346,2024-11-08 16:49:16.007873+00:00,90.43343139333238,90.84673646653371,,2024-11-08 16:49:20.344592+00:00,90.43343139333238,-0.4133050732013288,-0.4549476285849662
a560ddef-9b91-40f8-99c9-00c44216b8b9,2.973373,2025-01-10 14:28:09.000743+00:00,607.1645388096035,1033.758179674863,,2025-01-10 14:28:22.005004+00:00,607.1645388096035,-426.59364086525943,-41.26628927854592
a686db8a-50cc-4775-8295-e79df5e312e3,8.68919,2024-11-12 11:20:32.001186+00:00,653.6508529061865,753.5487160464899,,2024-11-12 11:20:46.001314+00:00,653.6508529061865,-99.89786314030334,-13.256988037139749
a86e3979-8f37-4d4f-92ae-8969d2056fbc,2.322423,2024-11-12 12:59:20.000068+00:00,1717.479231082941,1830.4836963298185,,2024-11-12 12:59:23.000718+00:00,1717.479231082941,-113.00446524687754,-6.173475648729093
a8c391d3-767a-46d3-a6fc-7f5ab43749d4,16.230026,2025-01-13 13:16:02.142108+00:00,46.18644343110572,46.18644343110572,,2025-01-13 13:16:02.142108+00:00,46.18644343110572,0.0,0.0
a8e99a2b-f45a-475f-8226-c23139d72606,55.554531,2025-01-13 12:45:49.019707+00:00,89.07601337502606,89.87259598303116,,2025-01-13 12:45:53.099802+00:00,89.07601337502606,-0.796582608005096,-0.8863464989433473
a9495684-59bb-4e43-945c-e02a08178ae6,1.224325,2025-01-15 12:43:31.000738+00:00,760.2478974252083,4640.2758692937905,,2025-01-15 12:44:43.000436+00:00,760.2478974252083,-3880.0279718685824,-83.61632112314669
aaa15a80-6164-44d5-ba33-a020cc097906,1.010033,2025-05-26 09:58:16.000624+00:00,31633.036439446656,28479.943876014782,,2025-05-26 09:58:16.061551+00:00,31633.036439446656,3153.0925634318737,11.071273795898675
ab66b178-317a-43bd-b6da-70da8fe155b9,,,,14.089964803150389,14.089964803150389,2024-11-12 13:15:06.086512+00:00,14.089964803150389,0.0,0.0
abda52b8-f1d5-4747-b163-96cb3bc04959,16.783255,2024-11-12 13:43:26.000591+00:00,254.987365618332,299.72708434299227,,2024-11-12 13:43:42.019582+00:00,254.987365618332,-44.739718724660264,-14.92681878340445
ac5da2a6-ac1b-4f45-bd82-00bfb001d84a,8.020059,2025-05-26 11:18:39.000573+00:00,722.2612873629987,742.6697869230064,,2025-05-26 11:18:39.109111+00:00,722.2612873629987,-20.408499560007726,-2.7479910882820797
acf21916-af95-4ac5-ba6b-5f1fc7f0ed21,0.918176,2025-02-05 12:34:08.000056+00:00,763.7729088422733,7565.5943283447405,,2025-02-05 12:34:08.052098+00:00,763.7729088422733,-6801.8214195024675,-89.90465420567459
ad55438a-6f3e-44c8-b9fe-64cb5d8a7338,10.074614,2025-05-26 14:27:18.001111+00:00,593.1063824487062,606.3854450685412,,2025-05-26 14:27:18.173870+00:00,593.1063824487062,-13.279062619835031,-2.189871595340496
ae373666-6f39-46fb-b038-932a3f72e3d0,7.686507,2025-05-26 14:53:44.003372+00:00,92.11842371201982,92.11842371201982,,2025-05-26 14:53:44.003372+00:00,92.11842371201982,0.0,0.0
ae467b13-6d06-4b14-8553-6f1276d3acc6,,,,1.0655706696902254,1.0655706696902254,2024-11-12 11:37:24.165151+00:00,1.0655706696902254,0.0,0.0
ae7c1df7-4ccd-4990-81e7-27102ae80c58,29.563126,2025-01-13 12:42:13.032713+00:00,25.538740037979185,25.538740037979185,,2025-01-13 12:42:13.032713+00:00,25.538740037979185,0.0,0.0
af07d920-533f-4b8f-bc72-bde5e1d6c61b,,,,19.809246958349554,19.809246958349554,2025-01-13 12:26:44.073066+00:00,19.809246958349554,0.0,0.0
af91b855-9c07-4341-8426-f844a39ad14c,,,,3.02803260699755,3.02803260699755,2025-01-13 12:24:04.035657+00:00,3.02803260699755,0.0,0.0
afed5747-f08f-4eac-ad96-6b077ed5d7dc,48.436131,2025-01-13 13:01:18.005945+00:00,16.339395145748416,16.339395145748416,,2025-01-13 13:01:18.005945+00:00,16.339395145748416,0.0,0.0
b003ece1-ff38-48f8-84f6-0cac153b5bcd,2.774538,2024-11-12 11:21:06.032530+00:00,869.9599159991026,1408.524916130411,,2024-11-12 11:21:08.042764+00:00,869.9599159991026,-538.5650001313084,-38.23610033189106
b12d73b0-20be-4c8b-9f2e-bee48f0f36a4,4.234359,2025-01-10 13:56:31.000488+00:00,789.3329760862601,823.5991184532031,,2025-01-10 13:56:45.000156+00:00,789.3329760862601,-34.26614236694297,-4.1605365522122
b235412f-ba0b-4874-a638-e30c1c1abc3a,,,,74.22361338284821,74.22361338284821,2025-06-16 08:21:47.128900+00:00,74.22361338284821,0.0,0.0
b24a58fa-3499-4f06-941d-cf4f89e75edf,5.37119,2024-12-18 14:48:51.000738+00:00,583.3926187502427,594.2620641225303,,2024-12-18 14:49:02.002481+00:00,583.3926187502427,-10.8694453722876,-1.8290660010978659
b3df2c8e-7c7e-4920-ad02-fbc32d15a318,7.782803,2025-05-26 21:37:14.000164+00:00,725.8883024509928,751.3759023079158,,2025-05-26 21:37:15.020982+00:00,725.8883024509928,-25.487599856922998,-3.39212367320214
b4453069-05c2-4edb-9a03-c195771d1638,49.133792,2024-12-10 14:09:05.009566+00:00,115.1002189323112,126.17806449081374,,2024-12-10 14:09:15.145966+00:00,115.1002189323112,-11.077845558502545,-8.779533592630957
b46069c7-14e9-476d-b7c5-eb9c9230ab21,0.547762,2025-01-15 12:42:59.005989+00:00,754.8113139576216,754.8113139576216,,2025-01-15 12:42:59.005989+00:00,754.8113139576216,0.0,0.0
b64e9450-e294-4bd6-a13c-17545105f102,20.261752,2024-11-12 12:14:52.066313+00:00,244.77959690279164,251.44235799402006,,2024-11-12 12:15:16.005357+00:00,244.77959690279164,-6.662761091228418,-2.6498165004429666
b88d8755-2b06-4a79-a4f3-1d772164f374,,,,0.9985182229590007,0.9985182229590007,2024-11-12 12:42:17.230419+00:00,0.9985182229590007,0.0,0.0
b8bb508b-2fe0-44c6-8f94-bb857430e028,,,,24.098332230501644,24.098332230501644,2024-11-12 12:46:31.015062+00:00,24.098332230501644,0.0,0.0
b8d9a3d4-83b2-4297-a57b-ad2617f4ad54,,,,89.32870152068719,89.32870152068719,2024-12-10 13:57:55.253190+00:00,89.32870152068719,0.0,0.0
b8f7da85-d931-4fc7-9f7d-9a46520eba3a,22.284237,2024-11-12 13:31:45.002396+00:00,207.29148418924802,253.75964927953976,,2024-11-12 13:32:00.007379+00:00,207.29148418924802,-46.468165090291734,-18.311881034759292
b91b634a-fe96-42da-a539-6f1ba5fe66ea,8.3058,2025-01-15 12:05:59.000543+00:00,643.1434582375408,857.729795245152,,2025-01-15 12:06:18.113494+00:00,643.1434582375408,-214.58633700761118,-25.017941337374104
ba650328-38b7-4b91-a706-8b5f1d15b5a1,,,,105.12783484117735,105.12783484117735,2024-12-10 14:10:36.031240+00:00,105.12783484117735,0.0,0.0
ba69ad08-aa04-4401-9b76-53768b15554a,17.31309,2024-11-12 12:20:25.003795+00:00,232.15077682341297,289.515769138169,,2024-11-12 12:20:51.059525+00:00,232.15077682341297,-57.36499231475602,-19.81411668370266
ba90e1fc-bade-4c4f-bdf9-1980da6ab1ec,51.658945,2025-01-13 12:43:25.002778+00:00,88.34238163928086,89.14264971649409,,2025-01-13 12:43:35.027418+00:00,88.34238163928086,-0.8002680772132322,-0.8977387140256371
bafa95e1-0d90-4f71-aa04-0e1ea092462e,7.684434,2025-01-13 13:14:08.001714+00:00,355.98255651894385,444.9530488214397,,2025-01-13 13:14:29.000882+00:00,355.98255651894385,-88.97049230249587,-19.995478745039424
bb21188c-3636-4633-bf6f-b269bbc54048,,,,59.933168302632545,59.933168302632545,2024-12-18 14:41:01.013591+00:00,59.933168302632545,0.0,0.0
bb3e9226-f97d-4df5-8ed5-6e6b85816b91,8.481436,2024-11-12 12:27:52.000218+00:00,844.9479390265261,875.2465469879074,,2024-11-12 12:27:53.079443+00:00,844.9479390265261,-30.29860796138132,-3.461722650109459
bc325a7a-45c7-43f5-8b0f-0dcaf64a9e57,,,,16.108839881365355,16.108839881365355,2025-01-13 12:32:47.030870+00:00,16.108839881365355,0.0,0.0
bc439237-b3f3-4e0f-95c2-f03048006564,51.837937,2024-12-10 14:23:55.001126+00:00,106.72059789032782,115.87613248974858,,2024-12-10 14:24:04.036861+00:00,106.72059789032782,-9.155534599420761,-7.9011392619880025
bdf27886-2456-4282-9e3d-f02f911d58d8,6.676712,2025-01-13 13:11:52.021639+00:00,321.38736256245363,374.238274871759,,2025-01-13 13:12:19.001380+00:00,321.38736256245363,-52.850912309305386,-14.122262702128987
c1cc35a1-060e-461c-81e4-0bfe6cd762ed,1.951259,2025-01-15 12:45:12.000455+00:00,1632.8868395599297,2762.3211200225965,,2025-01-15 12:45:19.000806+00:00,1632.8868395599297,-1129.4342804626667,-40.887146402928984
c1cf686f-a822-4676-8227-2e8f33d70c33,7.225498,2024-11-12 11:48:15.000149+00:00,331.0627771331455,428.3361894733179,,2024-11-12 11:48:31.001523+00:00,331.0627771331455,-97.2734123401724,-22.7095946433524
c2d64a94-f1f1-4f90-88ed-06a5d19ee940,3.761554,2024-11-12 11:19:27.001244+00:00,694.3096663003994,1321.869272674082,,2024-11-12 11:19:30.004383+00:00,694.3096663003994,-627.5596063736825,-47.47516409880364
c40033dd-289e-4e79-b0a4-e4fd62a8da97,38.393544,2024-11-12 13:02:57.001249+00:00,120.68770300750599,138.96299387924643,,2024-11-12 13:03:18.114994+00:00,120.68770300750599,-18.275290871740438,-13.151192530884137
c40afbb4-0293-491b-b2b4-6cc57abba68b,6.768669,2024-11-12 11:19:00.058966+00:00,934.600813449334,976.5075553862665,,2024-11-12 11:19:01.128901+00:00,934.600813449334,-41.90674193693246,-4.291491827767361
c46680d9-7db6-4cf7-9710-5fee077e33e0,8.052505,2024-11-12 12:58:31.000370+00:00,860.6825774910641,892.1941345545911,,2024-11-12 12:58:32.006090+00:00,860.6825774910641,-31.511557063526993,-3.5319170843079424
c50d64aa-1d7f-440f-a3b3-fb72901f425a,0.779219,2024-12-18 14:29:25.000034+00:00,420.33597781088736,2641.9681204434282,,2024-12-18 14:29:25.141920+00:00,420.33597781088736,-2221.6321426325408,-84.0900435338963
c594674c-4fc8-47f0-aa9d-ded657afc987,,,,6.961251228369191,6.961251228369191,2024-12-10 13:42:33.168506+00:00,6.961251228369191,0.0,0.0
c5b4f757-4e3d-4bf5-9392-ff798c5de974,8.661596,2024-11-12 12:26:32.001065+00:00,811.6294556721303,847.4651421886543,,2024-11-12 12:26:36.014069+00:00,811.6294556721303,-35.83568651652399,-4.228573510879177
c6a1d43f-c2ec-499e-b2cb-ec8b8f8ddd36,,,,55.069714072779036,55.069714072779036,2024-12-10 13:59:21.038293+00:00,55.069714072779036,0.0,0.0
c6c6149a-decf-41f2-a962-2027d9f62b02,,,,1.13937530045591,1.13937530045591,2024-11-12 11:56:48.036028+00:00,1.13937530045591,0.0,0.0
c8d60616-9848-4ca4-b81a-b9f78e9b6d17,,,,1.0614570121239655,1.0614570121239655,2025-05-26 15:25:54.015356+00:00,1.0614570121239655,0.0,0.0
ca211a76-9a8a-437d-9045-15c26eca0543,0.389358,2025-05-26 10:17:06.000034+00:00,738.0164588855217,37764.040963763946,,2025-05-26 10:17:07.000319+00:00,738.0164588855217,-37026.02450487843,-98.04571640097078
ca3717c3-902b-4c92-b616-f9ac505da8b9,,,,81.87754183748923,81.87754183748923,2024-12-18 14:36:11.036653+00:00,81.87754183748923,0.0,0.0
cab055bc-39d4-40a0-a59f-d34e3a3f2359,52.434667,2024-11-08 11:02:30.006223+00:00,90.16488998777682,92.33247674719627,,2024-11-08 11:02:38.001806+00:00,90.16488998777682,-2.16758675941945,-2.3475886662872067
cb58c02e-02c0-4281-8a00-9ef32e4c084d,2.002965,2025-01-15 12:53:04.000806+00:00,680.9263272717302,2190.9686029673812,,2025-01-15 12:55:26.006278+00:00,680.9263272717302,-1510.042275695651,-68.92121930229833
ce53945e-0bf2-44b2-a525-929291efb570,8.307003,2024-11-12 12:28:57.000465+00:00,886.0215028048182,910.1880168257138,,2024-11-12 12:28:57.069399+00:00,886.0215028048182,-24.166514020895647,-2.655112303628926
cf937433-9a1d-47b7-b1df-ec83762e4a81,,,,88.26926227278327,88.26926227278327,2024-12-10 13:56:35.069661+00:00,88.26926227278327,0.0,0.0
d0083a86-4808-4e19-98d9-af595eb158ba,0.630043,2025-05-26 10:10:21.000152+00:00,765.070996801167,37993.727272205106,,2025-05-26 10:10:21.039650+00:00,765.070996801167,-37228.65627540394,-97.98632287029953
d0ab0afb-6737-4be4-9dd7-cdf2fdc7027b,,,,23.950930125545632,23.950930125545632,2024-11-12 11:35:55.334634+00:00,23.950930125545632,0.0,0.0
d186de20-a4da-4369-9864-3646ff421db6,2.961433,2024-11-12 12:26:56.001040+00:00,1584.858292119657,1702.7619944900362,,2024-11-12 12:27:00.007553+00:00,1584.858292119657,-117.90370237037905,-6.924262037319566
d2e19aa5-8593-46b0-8733-e6cade2d302e,,,,10.114253494923744,10.114253494923744,2025-01-13 12:36:18.085998+00:00,10.114253494923744,0.0,0.0
d5fa4f27-abd8-4a27-a8a8-61d50eb8ec3f,10.842273,2024-11-12 12:12:32.000571+00:00,337.5909837640759,377.28984031998016,,2024-11-12 12:13:00.030390+00:00,337.5909837640759,-39.698856555904285,-10.522111202950924
d5fab82d-4423-45e6-bdba-aea92cbf7832,1.504387,2024-11-12 12:57:29.000280+00:00,1196.853431187828,1695.9803605480618,,2024-11-12 12:57:37.001230+00:00,1196.853431187828,-499.1269293602338,-29.429994649167945
d72f2eac-0e00-4459-b0f1-dc3df3a3137e,,,,95.67576634724072,95.67576634724072,2024-11-05 12:00:48.008859+00:00,95.67576634724072,0.0,0.0
d803b205-0ec8-4499-96ee-2e89716c8c65,16.72933,2024-11-12 13:34:30.162693+00:00,266.37306531592037,285.6326451954776,,2024-11-12 13:34:56.000549+00:00,266.37306531592037,-19.259579879557236,-6.742779651946511
d835600e-9215-4641-9ed0-50a9b11c926a,7.99069,2025-05-26 17:18:15.001273+00:00,98.5384793922091,98.5384793922091,,2025-05-26 17:18:15.001273+00:00,98.5384793922091,0.0,0.0
db0ccf59-602c-45bc-8a49-4a334853400c,2.311751,2024-11-12 12:58:55.000794+00:00,1460.153565044938,1695.8819002047094,,2024-11-12 12:59:00.029451+00:00,1460.153565044938,-235.7283351597714,-13.900044285590685
db123cc5-2452-4184-8904-dacb535c397f,7.253303,2024-11-12 11:22:16.000280+00:00,828.7191920905593,920.9605961012741,,2024-11-12 11:22:19.019033+00:00,828.7191920905593,-92.24140401071475,-10.015781826193502
dc3bcae5-b074-445f-8951-32aff7aaa0bb,9.904276,2025-05-26 14:26:48.027791+00:00,75.03624570841927,75.03624570841927,,2025-05-26 14:26:48.027791+00:00,75.03624570841927,0.0,0.0
dc5d74a1-906f-42f1-a978-12830e9f215e,4.21923,2024-11-12 11:23:28.000241+00:00,1416.3973522640854,1505.3273609054868,,2024-11-12 11:23:28.008950+00:00,1416.3973522640854,-88.9300086414014,-5.90768566034089
dcf1e5eb-06fa-4940-9513-b18c87d0c82f,,,,34.9430263642443,34.9430263642443,2024-11-12 13:28:17.250186+00:00,34.9430263642443,0.0,0.0
dd144e66-a450-441f-88e6-2403277bccba,8.364562,2024-11-12 12:28:27.000054+00:00,880.1300304374837,906.2585624281606,,2024-11-12 12:28:28.100295+00:00,880.1300304374837,-26.128531990676947,-2.883121117296827
ddea949b-6ed9-478d-b55e-c0f42d037d5d,8.906546,2025-01-15 12:04:40.000852+00:00,89.32005090299243,89.32005090299243,,2025-01-15 12:04:40.000852+00:00,89.32005090299243,0.0,0.0
dee3e350-1c08-4150-b67a-062a1a19462c,5.951809,2025-01-13 12:51:00.028310+00:00,129.65044125003632,129.65044125003632,,2025-01-13 12:51:00.028310+00:00,129.65044125003632,0.0,0.0
e1800760-4ea8-493d-ae08-d557ae5128df,15.329681,2024-11-12 11:22:54.001080+00:00,395.228962898911,470.57338344511714,,2024-11-12 11:22:55.073350+00:00,395.228962898911,-75.34442054620615,-16.011194682241
e1f60c6a-4b85-40f2-8ca4-eb6f01e2a5d7,25.964883,2025-05-26 15:28:47.000763+00:00,157.9860310320932,182.01744668563856,,2025-05-26 15:29:04.014630+00:00,157.9860310320932,-24.031415653545366,-13.202808901637821
e22d95c0-6b7e-42ae-8302-cd1e121fffb4,37.934144,2024-11-12 13:41:29.000102+00:00,35.62213307182164,168.35444099464746,,2024-11-12 13:41:43.000456+00:00,35.62213307182164,-132.73230792282584,-78.84098996060688
e2b9f506-f892-4df4-8920-eaebd4e29936,1.245227,2025-06-16 08:12:58.000836+00:00,1760.2957524352705,1247.3389273691816,,2025-06-16 08:13:08.011628+00:00,1760.2957524352705,512.9568250660889,41.12409336474322
e416f307-c56a-4b24-917b-71c342a68f6b,,,,1.0330929456518407,1.0330929456518407,2024-11-12 13:07:01.029191+00:00,1.0330929456518407,0.0,0.0
e427bc71-33e2-4342-8683-52bc508573e0,,,,1.0507903965419423,1.0507903965419423,2024-11-12 12:39:06.905091+00:00,1.0507903965419423,0.0,0.0
e44cfb32-b886-48dd-b920-c989cb71fa91,8.045379,2024-11-12 13:12:33.016099+00:00,750.8614132984583,797.9719010917819,,2024-11-12 13:12:38.041240+00:00,750.8614132984583,-47.110487793323614,-5.903777780754841
e547b5a3-63ef-4ae0-a2a0-939feed488be,,,,22.434858219767257,22.434858219767257,2024-11-12 13:19:10.051400+00:00,22.434858219767257,0.0,0.0
e77cf1ba-4e98-40e3-aa61-eddb8b065fc8,2.580194,2025-01-15 12:21:01.011496+00:00,458.4715519714272,509.5863071370776,,2025-01-15 12:21:02.000122+00:00,458.4715519714272,-51.11475516565042,-10.030637489617762
e8ee33a5-777f-48f9-b116-6d5b89800cfe,,,,7.532808261813739,7.532808261813739,2025-05-29 14:53:30.034917+00:00,7.532808261813739,0.0,0.0
e8fe9bdf-6c63-4e7c-afa2-d69cd043ba7e,,,,1.0724489855559571,1.0724489855559571,2024-11-12 11:55:17.039076+00:00,1.0724489855559571,0.0,0.0
eb602615-2fa2-46a6-8f2b-66cb2b8f1fb2,11.199115,2024-11-12 13:32:29.000815+00:00,291.52877465823354,330.83369807519625,,2024-11-12 13:32:47.009596+00:00,291.52877465823354,-39.30492341696271,-11.880568287221143
eb61b42c-9562-4944-9295-14430b0cb274,,,,1.058122050118646,1.058122050118646,2025-05-26 15:33:03.141381+00:00,1.058122050118646,0.0,0.0
eb7857d4-48b8-4f33-b44d-45b4814cfd34,,,,25.07441334734051,25.07441334734051,2024-11-12 12:47:51.013795+00:00,25.07441334734051,0.0,0.0
eca3a3be-aa12-4de0-96dc-8036c011cf50,3.668037,2024-11-12 11:27:23.000686+00:00,1313.3999229631745,1696.5740994220832,,2024-11-12 11:27:24.013439+00:00,1313.3999229631745,-383.17417645890873,-22.585171881937384
edb86760-ae45-42c4-8f27-4dc60dfe4dc6,8.481234,2024-11-12 11:21:37.001790+00:00,706.5418704339091,800.5538602737278,,2024-11-12 11:21:42.143056+00:00,706.5418704339091,-94.01198983981863,-11.74336849836359
ee3127c1-4113-4da0-a57c-dc80b1f49d2e,,,,13.144197092926035,13.144197092926035,2025-06-16 08:19:07.030738+00:00,13.144197092926035,0.0,0.0
ee6af797-848b-477f-a57f-2491762e3a67,,,,51.009717854808486,51.009717854808486,2024-12-18 14:42:44.023500+00:00,51.009717854808486,0.0,0.0
ee9c3821-c510-47f6-82ce-94f94c1ebf7f,16.041125,2025-05-26 15:28:02.070210+00:00,48.14196521367929,48.14196521367929,,2025-05-26 15:28:02.070210+00:00,48.14196521367929,0.0,0.0
ef198208-6a7f-4a30-9cba-3f55295ed4c2,,,,60.90916553541919,60.90916553541919,2024-12-10 14:00:40.421425+00:00,60.90916553541919,0.0,0.0
ef30abd9-8e8d-421d-bdb7-6e62b2450206,,,,0.9866176070016153,0.9866176070016153,2024-11-12 12:45:04.182945+00:00,0.9866176070016153,0.0,0.0
eff5aae3-76e5-422a-810b-7c31da5fd7ce,1.378063,2025-05-26 10:16:27.060104+00:00,526.5085878434843,526.5085878434843,,2025-05-26 10:16:27.060104+00:00,526.5085878434843,0.0,0.0
f0dc35a3-4e0d-4b5f-91a9-46388d113690,2.127059,2024-11-12 12:25:35.001429+00:00,1498.9551888968801,1767.5617149973455,,2024-11-12 12:25:39.000980+00:00,1498.9551888968801,-268.6065261004653,-15.196443995216807
f0dd2a35-f59a-4b78-898d-319a0e861445,0.489721,2025-01-20 12:48:57.021518+00:00,541.1833873346379,541.1833873346379,,2025-01-20 12:48:57.021518+00:00,541.1833873346379,0.0,0.0
f0e62280-8141-43f2-98d4-99a8f1c4066e,,,,0.31804658700679,0.31804658700679,2025-01-10 13:54:26.012728+00:00,0.31804658700679,0.0,0.0
f2257478-2a8e-436b-b3cf-97038db9a212,9.928453,2025-01-10 14:33:11.002780+00:00,78.46101483362114,78.46101483362114,,2025-01-10 14:33:11.002780+00:00,78.46101483362114,0.0,0.0
f24e565e-ec26-45fe-94c3-9f11d9ccd597,0.703098,2024-12-18 14:30:55.000202+00:00,778.8343773686273,7504.290255829323,,2024-12-18 14:30:55.046983+00:00,778.8343773686273,-6725.455878460695,-89.62147850339838
f29e8aee-381f-4744-a0a1-39014c6c5e66,,,,110.11218671790108,110.11218671790108,2025-01-13 12:53:39.283505+00:00,110.11218671790108,0.0,0.0
f388d0bb-eb0e-4191-b23a-9dbfbd6b27b6,,,,9.195078834555474,9.195078834555474,2025-05-29 14:54:51.017128+00:00,9.195078834555474,0.0,0.0
f4bf668e-24fc-46ef-816c-765d0453c408,7.509236,2025-06-16 08:12:39.200133+00:00,97.46256781816389,97.46256781816389,,2025-06-16 08:12:39.200133+00:00,97.46256781816389,0.0,0.0
f6d641a5-8b16-4f58-b7d6-7776ab813d7f,3.970987,2024-12-18 14:54:50.001031+00:00,484.60654687966166,669.6244891681916,,2024-12-18 14:55:04.005146+00:00,484.60654687966166,-185.01794228852998,-27.630103928600263
f7186b93-98e9-4410-9266-3e83342eaeca,5.414416,2024-11-12 13:13:13.004435+00:00,804.9967114926923,1014.4338329364639,,2024-11-12 13:13:16.000171+00:00,804.9967114926923,-209.43712144377162,-20.645715338329918
f7212e3e-549e-4bc0-b780-84fb08ae0eab,,,,12.409813729300216,12.409813729300216,2024-12-10 13:49:38.062392+00:00,12.409813729300216,0.0,0.0
f856950a-93b7-443f-8e06-7e1088e04376,8.190189,2024-11-12 12:57:06.000755+00:00,795.7643284949112,839.452537877758,,2024-11-12 12:57:09.054889+00:00,795.7643284949112,-43.68820938284682,-5.204369206303924
f8f3ceb0-cbc0-4a7c-983b-8d5bb0cb7c0a,,,,1.7547009074304951,1.7547009074304951,2025-05-26 11:20:36.016479+00:00,1.7547009074304951,0.0,0.0
f956fe34-1c6d-49b8-add7-ad96dbbc6704,,,,21.85526423292434,21.85526423292434,2024-11-12 12:24:58.592520+00:00,21.85526423292434,0.0,0.0
f96a94d3-dd44-4e64-9320-4e315aa02bc3,0.981337,2025-02-05 12:33:48.000223+00:00,729.72509931987,5919.557715833346,,2025-02-05 12:33:48.052126+00:00,729.72509931987,-5189.832616513477,-87.6726415325247
f96b3600-8b22-41c9-bf56-2483e33ec301,,,,91.36607930762965,91.36607930762965,2024-11-05 11:52:37.020471+00:00,91.36607930762965,0.0,0.0
fa867e00-8cfe-4e59-8b20-5657746c407f,,,,89.19434034893658,89.19434034893658,2024-12-10 14:20:04.035518+00:00,89.19434034893658,0.0,0.0
fa8e7d91-f803-4f66-9844-492453bb183e,,,,0.986875867435261,0.986875867435261,2024-11-12 12:08:22.425773+00:00,0.986875867435261,0.0,0.0
fb3b51aa-f6e2-45ab-bef8-9c83b0ef5d60,28.738433,2024-12-10 14:24:52.010834+00:00,158.94839985487752,163.21914694406607,,2024-12-10 14:25:24.054881+00:00,158.94839985487752,-4.270747089188546,-2.6165723624643733
fb5f5b04-6d75-4ccb-b40a-80142bde8a67,2.162355,2025-01-15 12:08:01.000547+00:00,1475.868635155565,1944.125503420561,,2025-01-15 12:08:13.001925+00:00,1475.868635155565,-468.256868264996,-24.08573250240938
fcdd8b6c-1e1d-4714-87ba-dbbe94bbfe46,18.049375,2025-01-13 13:16:39.000555+00:00,206.69100565250622,219.49158181286563,,2025-01-13 13:17:21.081055+00:00,206.69100565250622,-12.800576160359412,-5.831921231162725
fe870dd3-4fa7-4553-8233-5055ddd2d242,2.224675,2025-06-16 08:13:29.023045+00:00,1307.8181355315,1631.589454612441,,2025-06-16 08:13:38.010394+00:00,1307.8181355315,-323.7713190809409,-19.843920795494956
ff98f515-293e-453e-841c-2b3e5adda780,11.590373,2024-11-12 11:20:00.010444+00:00,534.5145447479423,614.7431041346017,,2024-11-12 11:20:05.127949+00:00,534.5145447479423,-80.22855938665941,-13.050745725663788
