id,total_bytes,elapsed_seconds
ee3127c1-4113-4da0-a57c-dc80b1f49d2e,102105088,59.026
451b4d52-d6bb-4a18-95d0-5ca00c60a2c6,479019008,59.021
b235412f-ba0b-4874-a638-e30c1c1abc3a,575832064,59.046
f4bf668e-24fc-46ef-816c-765d0453c408,93061120,6.688
e2b9f506-f892-4df4-8920-eaebd4e29936,145129472,0.681513
fe870dd3-4fa7-4553-8233-5055ddd2d242,307167232,2.16357
e8ee33a5-777f-48f9-b116-6d5b89800cfe,58086748,57.671996
f388d0bb-eb0e-4191-b23a-9dbfbd6b27b6,70699772,57.199803
5facdd7d-043b-4778-bb3c-1e5dd742866e,92083522,7.632999999999999
b3df2c8e-7c7e-4920-ad02-fbc32d15a318,761556448,6.947255
4ab1c67f-0fef-4f58-9b69-1bd4a602f8ed,848367998,6.984706
5d48b120-8b3e-484c-bee0-c80a8f58e5b0,98129514,7.1899999999999995
303979f8-7f32-49cf-a6de-29e1e2576b86,759195256,7.851000000000001
9cfebe39-6b65-4e82-b09a-b027a777f2fc,968718644,7.016114999999999
d835600e-9215-4641-9ed0-50a9b11c926a,102740684,7.055999999999999
2f031337-e8ab-4676-96f1-bea5d72c80c1,637053456,6.816847
5ac2a361-c4f0-4522-9892-76e64fa473cd,730799396,7.447668
2d6ef7a6-0091-4c1e-b53e-477f4861d265,8256608,59.001
eb61b42c-9562-4944-9295-14430b0cb274,7940832,56.796509
0ef08a46-d69c-4963-8617-fa7f0a8d4b2a,7858296,56.589095
ee9c3821-c510-47f6-82ce-94f94c1ebf7f,100989530,15.542000000000002
e1f60c6a-4b85-40f2-8ca4-eb6f01e2a5d7,526686086,24.571757
5bc2adc2-457a-48a9-8463-34769d8d17c0,586101990,20.028033
4a80aa64-dde0-4323-b9e8-7222328b2cbf,8108816,59.054
c8d60616-9848-4ca4-b81a-b9f78e9b6d17,7821200,56.289121
3a28f1cc-a632-4240-ac85-7f87e4f0a157,7904280,55.638341
1311eb85-8f3c-46a3-a503-5402de4215c0,96152122,13.041
205c37a1-b5f3-4cce-8a0a-7f4d30dc7996,557170762,26.118197
40ac1472-e8b4-4741-a40a-ad038c79b216,586062430,21.091745
ae373666-6f39-46fb-b038-932a3f72e3d0,92579876,7.522
36ecf46d-7042-4d2a-b4e5-b15756bb7cf1,746189080,7.143625999999999
9f554205-d98a-4ee2-9874-2991cd94d3be,783290056,7.443409000000001
dc3bcae5-b074-445f-8951-32aff7aaa0bb,97181914,9.515
ad55438a-6f3e-44c8-b9fe-64cb5d8a7338,803893616,9.712
9dbe34ea-f164-4238-a664-8cce5a403a69,985184452,9.82
88975411-3d29-4da0-a8af-537eed179e23,3391216,59.163
51e5ebcf-f008-4319-ad32-ef48797f015c,6022232,57.020761
38d29936-d9d1-4f8a-a321-87e6026797d9,7828026,56.834948
f8f3ceb0-cbc0-4a7c-983b-8d5bb0cb7c0a,13683276,59.016
0c83fb84-1ada-4629-a142-6e5a648e5df8,80715128,59.183
1a50dc56-eb14-4af2-a734-92eacf473633,92560432,58.038162
83fad3b0-81b4-4548-80f1-cde88ce8c944,90097812,6.91
ac5da2a6-ac1b-4f45-bd82-00bfb001d84a,779751464,7.803000000000001
0d7afd25-323b-4832-8626-df72dc3f9b3f,913345128,7.270435000000001
eff5aae3-76e5-422a-810b-7c31da5fd7ce,75330000,0.4870000000000001
aaa15a80-6164-44d5-ba33-a020cc097906,1498853762,0.1359999999999999
5df540e3-e1f2-49fc-82bd-7503e30a01ab,67005000,0.5489999999999999
8c398ee3-e6a6-4921-8881-65c3659e452c,85905000,1.8679999999999999
1eda0c49-cd51-42ba-ba24-29570a3ec9ab,45062080,1.1709999999999998
cb58c02e-02c0-4281-8a00-9ef32e4c084d,108218572,1.5684360000000002
29e8616c-ab31-4c49-89f2-b014f89dad61,157481037,54.461
a9495684-59bb-4e43-945c-e02a08178ae6,104057288,0.30940999999999996
c1cc35a1-060e-461c-81e4-0bfe6cd762ed,227317000,1.1589999999999998
a34ce84d-e88f-4ec4-8d03-64979d06d8eb,104144732,0.010000000000000009
706960d1-f9d0-4065-944e-8e2697adbb60,289614389,2.759
e77cf1ba-4e98-40e3-aa61-eddb8b065fc8,138183200,1.9573939999999999
93223dcb-31a3-4abc-bea5-e20d974658b4,41401216,2.281
6db2c12b-b0d3-4abe-a435-252840009d29,375951432,1.545
5627b82e-be74-464d-8dfe-4e52889593be,364383546,25.433545
fb5f5b04-6d75-4ccb-b40a-80142bde8a67,255408064,0.7935989999999999
6988371a-a726-410d-81ef-fd22528b3e2d,82495144,1.141
ddea949b-6ed9-478d-b55e-c0f42d037d5d,103886151,7.912000000000001
5ff8f49b-108a-4e37-b347-fb6131e34b9a,297780988,1.650359
b91b634a-fe96-42da-a539-6f1ba5fe66ea,695646888,7.033258
1a9e34d9-1e51-40c9-8bc6-d4cd635fb933,40482000,1.366
a8c391d3-767a-46d3-a6fc-7f5ab43749d4,98235786,16.005
fcdd8b6c-1e1d-4714-87ba-dbbe94bbfe46,479145544,17.320209
43ee8332-acdb-465f-be2d-c2779979d1af,399468072,13.994956
21bf35ec-94e3-48f4-ba8b-30fef1983681,79290552,4.358
bafa95e1-0d90-4f71-aa04-0e1ea092462e,305989674,5.901072
879d1cb2-9800-4663-a9b6-4aa27d92815a,661897320,13.614262
7740ad43-21c7-464e-b7f9-fcd63e3621d8,102801044,5.635
bdf27886-2456-4282-9e3d-f02f911d58d8,264454780,5.907373
853a7f44-64ed-4e31-8a47-80cb2c366ede,561182196,12.726537
a192ef38-c4d5-4603-a760-4fe8e91ed922,104545600,26.306
12b6557c-e473-40d7-ade5-d3367a0aa177,607913880,26.419378
47e9c760-e666-4bc5-af42-1738748f8da5,526205184,24.515892
95c4cf1e-bcef-4741-975e-695f98ee60d1,99839600,21.793
3080b738-1c85-4c6c-809b-be45244f8ba5,443562568,19.42221
0296a273-bc4e-4992-8ad1-1fdc086001e3,600453744,21.502429
afed5747-f08f-4eac-ad96-6b077ed5d7dc,103678248,47.696
8cddc791-66ca-4ef9-83b2-a3893496efdd,474996800,32.451412
2bcc34d1-4ce0-42b4-ba37-a93ba7b1f881,816006912,42.998779
4332d13b-86ad-4d68-9460-3d2498a766ad,102549764,11.302
61961d34-5b1d-417d-bc3a-d2f9f5cf45d9,529481084,32.094919
20974f9e-030d-402b-9e9f-49753a82ed3b,557095712,35.151243
9aedf7f8-e0be-4459-b2ae-5acd414696b8,90155816,9.441
517f317f-7108-48be-99a6-78118eb16adb,760750760,49.334737
34820c9a-83fe-41b1-9498-00c0e5958382,804638638,59.637
dee3e350-1c08-4150-b67a-062a1a19462c,94773744,5.158
160543cb-51ef-4ac9-b61a-754451a72ad7,810776864,59.328
f29e8aee-381f-4744-a0a1-39014c6c5e66,852324868,59.601
20df1720-4440-400e-8515-22ad2d239b43,103907032,29.488
7d081531-e10c-4046-887b-c16f904fa491,630121816,54.09938
2be9eb4c-88c6-4127-86d1-d236b75d106b,618845784,51.777711
ae7c1df7-4ccd-4990-81e7-27102ae80c58,98459360,29.415
ba90e1fc-bade-4c4f-bdf9-1980da6ab1ec,580124816,44.317026
a8e99a2b-f45a-475f-8226-c23139d72606,645767056,55.43699
7d6c4ee6-befa-49d5-a4f8-8ace85af09b4,102965832,34.386
0d39341d-f7d8-42cb-ae20-aecb1c183be6,585618112,59.067
18ed96cd-946f-4f44-b0b1-161ca3398a12,662171392,59.074
835c57d6-bce6-4c93-8498-a9779133aa97,13691880,59.045
d2e19aa5-8593-46b0-8733-e6cade2d302e,78061736,57.959691
86f7ed84-9097-437c-90a8-2095ca85cb26,88357092,59.172
7174ea45-8644-481c-b767-b7f12c25fd68,24288560,59.02
a057e966-83a9-47e6-bf0f-b84c65994c34,139912936,59.018
bc325a7a-45c7-43f5-8b0f-0dcaf64a9e57,124156860,57.954821
af91b855-9c07-4341-8426-f844a39ad14c,23479720,59.112
9401c51e-bd64-45ce-88a0-f9a5ecc224fc,151595856,59.114
af07d920-533f-4b8f-bc72-bde5e1d6c61b,153287996,59.002
f2257478-2a8e-436b-b3cf-97038db9a212,100188160,9.138
98f952e1-5d2b-493c-88e7-4b555578b430,318734336,10.012379
8ef4a069-c736-447d-bf20-d4f1dcb380fd,398114816,9.629014
2f4843a9-099f-44b2-a8e9-8e62b17770a9,95830016,11.256
76878b9a-35a4-44dd-9197-e13383ccbcad,557367296,17.463406
4c35d901-992b-4e79-82c9-821ff63c79fc,627916800,13.790995
2f9a98c9-b209-45b7-a10e-dd29248c9782,62062592,2.315
a560ddef-9b91-40f8-99c9-00c44216b8b9,203440128,2.390619
a31d9578-11bc-40bb-a86d-aafcb8087458,567476224,6.545839
25518521-3908-4be7-b6e8-cbbb3db73b7d,391839744,3.616243
b12d73b0-20be-4c8b-9f2e-bee48f0f36a4,434159616,4.176377
f0e62280-8141-43f2-98d4-99a8f1c4066e,2408448,59.223
05e81d10-ea99-46c5-9856-54482b14ddcf,100876288,11.58
423380c4-2a5a-43c5-9b36-7f47343f54a7,7789672,57.584762
9e454ee0-3f51-40c9-b209-cb04a813b102,7658080,56.664511
33f37e53-d6ec-4cb6-a7b4-da852b28a58f,7698984,56.897339
128b1da1-12db-4085-840a-8a87c486454e,7616568,57.015592
f6d641a5-8b16-4f58-b7d6-7776ab813d7f,239190016,3.7166819999999996
0827d378-0c4c-4af9-9fa6-5a330ba98c97,370589696,4.234745
b24a58fa-3499-4f06-941d-cf4f89e75edf,396361728,4.540604
65de365a-da58-4b2d-b2c0-695695c558ec,229097472,1.631303
bb21188c-3636-4633-bf6f-b269bbc54048,452329383,69.975
ee6af797-848b-477f-a57f-2491762e3a67,386137135,65.205
4e631cda-0ce6-41af-a997-a6a36f80b79a,617448110,65.839
ca3717c3-902b-4c92-b616-f9ac505da8b9,594632328,68.771
6334998d-1e87-4e3d-a5d6-b0e61c6c0333,464779880,1.077
1ddacce1-fc4f-45d7-aef0-f53c972caf5c,288920992,1.1280000000000001
bc439237-b3f3-4e0f-95c2-f03048006564,696126532,49.556368
fb3b51aa-f6e2-45ab-bef8-9c83b0ef5d60,576503340,26.332908
9b6b74aa-de3c-46ea-a42c-df737ab824ae,662271648,35.210693
21b95281-18e7-45df-814b-70635dc55764,685053232,34.003754
23573a99-b1bb-4faa-95ef-f68ba1972596,440704950,17.324068
fa867e00-8cfe-4e59-8b20-5657746c407f,690858132,57.709581
2985aa49-a121-4450-bb65-431df00dfffc,720996848,43.699866
11af8522-5620-46ed-8421-7053249ba359,413029960,59.034
7846e223-742c-4253-8cc5-f5898dfb850b,604000296,107.322
a130ea89-8457-4238-8d48-d02340e4af86,413082544,59.123
b4453069-05c2-4edb-9a03-c195771d1638,741280016,48.687353
ba650328-38b7-4b91-a706-8b5f1d15b5a1,807419866,59.054
71db46de-5f75-43c5-8747-02ed9e2e32d2,426164688,59.376
498d2432-ba1a-411c-be6b-530cd9af24e2,488677384,59.669
77944449-4aec-41b4-aecd-dff8bc91b7ee,395099384,59.339
8a195fa0-d38d-4abc-85e2-ba85d7063007,457178468,59.382
c6a1d43f-c2ec-499e-b2cb-ec8b8f8ddd36,426257762,58.29125
ef198208-6a7f-4a30-9cba-3f55295ed4c2,473767428,59.157
cf937433-9a1d-47b7-b1df-ec83762e4a81,687292448,59.027
b8d9a3d4-83b2-4297-a57b-ad2617f4ad54,694584456,59.131
96ce0407-dd17-46c2-86f9-9c6cdc0422c8,625116000,59.142
236adce9-d8f8-4aa6-b325-f320c0b35e71,691400344,58.364682
279096a6-8f5a-47ea-99ea-fd755443bb63,599611868,58.958007
114e3e17-1cc1-4189-9350-8d8b23a568d0,616056040,59.094
042cf651-d5e7-4e53-8808-36cb94f93fc0,81714416,58.418046
f7212e3e-549e-4bc0-b780-84fb08ae0eab,95649628,59.06
a060f665-db3b-4796-91ba-de68a213e1f2,64278812,58.030911
86f236b8-bf65-47be-aa7d-f5ba8c6f66b7,120076080,61.231
2c1b76dd-520f-47b1-bced-b4930b66f6b3,52219820,58.283404
c594674c-4fc8-47f0-aa9d-ded657afc987,53853480,59.224
a2938374-b5b4-49c7-960a-b1e8f306078d,391390096,12.738862
abda52b8-f1d5-4747-b163-96cb3bc04959,542830584,15.990324999999999
7dfed73d-1ab0-4755-8e55-3c6dc114de9e,5013512,74.966
e22d95c0-6b7e-42ae-8302-cd1e121fffb4,218258772,28.938009
15fd166e-bf23-49c2-9d5c-fd07b55e3b43,5540296,110.201
9fc0bc38-154a-4387-b1e5-9f2143fa5815,7014360,75.816
6737d374-5add-40d1-8d72-cf8c916e71c6,631371561,18.340738
d803b205-0ec8-4499-96ee-2e89716c8c65,578589703,16.414645
b8f7da85-d931-4fc7-9f7d-9a46520eba3a,612522824,21.657589
eb602615-2fa2-46a6-8f2b-66cb2b8f1fb2,425307552,10.982831
dcf1e5eb-06fa-4940-9513-b18c87d0c82f,271237154,60.406
59da326f-433b-4f68-943e-7e923a27af11,289675288,59.207
5557ac57-e218-4fe4-ab88-d2427a8c1e36,287192644,59.173
1d4904ce-c854-45bc-a9cb-a4111fd954d3,286563204,60.512
82bef855-998a-4d7d-91c2-a02d572be037,220588600,0.895551
9f89a1dc-139f-4e79-aa1c-79a7cefd3c9a,193284956,0.82605
7662125c-57c0-4c0f-a696-c8dda81ad2b7,628657888,25.880831
9f342142-275c-498d-9b47-8f953ec3b8bf,468746824,18.116732
10619138-f294-420b-b387-1f510da29e5a,185553916,59.035
e547b5a3-63ef-4ae0-a2a0-939feed488be,173694740,59.06
ab66b178-317a-43bd-b6da-70da8fe155b9,108929708,58.232877
8019c4c1-f562-43f0-8f0a-9e04f6da43b7,105499116,57.487221
f7186b93-98e9-4410-9266-3e83342eaeca,580332700,5.376076
9ed2a16d-c4d3-409c-b7b1-8679a5b01a3e,458091360,1.657531
780b06a6-6c35-45c9-b42a-fdb449a029be,894969960,4.96059
e44cfb32-b886-48dd-b920-c989cb71fa91,812446164,7.672305
a10c50d0-6b2a-4d16-8ba4-dc9eb0774c46,7582400,50.51873
64806bf6-10e9-4b3b-bfc4-68b0eeeb3cd4,7797616,57.463811
e416f307-c56a-4b24-917b-71c342a68f6b,7733272,57.174596
6790e508-ecdb-4e1d-b59c-01abd3086403,7627320,42.19725
198bbd0b-afe9-41b9-a714-09d8f773b30a,776505928,26.621798
530ab850-70c0-4a33-819c-c638477bb3f3,653104472,25.534596
0a24427b-64cc-43b0-b525-529cce258e6c,732386360,41.723041
c40033dd-289e-4e79-b0a4-e4fd62a8da97,607249248,37.859516
22b23c8d-cf13-44c6-99c0-f6da535d7c30,883183996,9.326673
23877fa4-56b9-4043-aa3e-1d52c266a0fa,878428682,7.576847000000001
6eb93c38-c3fb-432a-a232-93207240f77c,226103752,0.9923500000000001
a86e3979-8f37-4d4f-92ae-8969d2056fbc,451603704,2.222963
d5fab82d-4423-45e6-bdba-aea92cbf7832,221282216,1.2658239999999998
db0ccf59-602c-45bc-8a49-4a334853400c,448646344,1.5562040000000001
f856950a-93b7-443f-8e06-7e1088e04376,883438596,7.458095
c46680d9-7db6-4cf7-9710-5fee077e33e0,940417628,7.581496
517b14a6-e014-49e5-815b-9aee535c6f3c,176525680,59.069
210c79e9-f8db-48a7-ad72-414605ca7f90,180921808,59.765
1a3761e3-991c-41ae-8d59-7e06104019b4,7706280,56.725195
300af3e0-149b-4b05-804c-141a221e22ad,7160320,49.191079
75c26e75-ee0d-448b-afa0-52a856f2ad5f,223033992,1.2392859999999999
57d0cb1e-cda7-4851-8a62-b7662ec2002e,300411204,0.8737269999999999
544c0676-3d35-4521-9213-f200d01f6ab6,218054932,1.143211
b8bb508b-2fe0-44c6-8f94-bb857430e028,186508192,59.15
eb7857d4-48b8-4f33-b44d-45b4814cfd34,193342752,60.032
7772fb98-9d0e-4fd5-8913-6e60d0b9c8db,7349800,57.864616
ef30abd9-8e8d-421d-bdb7-6e62b2450206,7304168,55.841235
b88d8755-2b06-4a79-a4f3-1d772164f374,7459528,57.815842
e427bc71-33e2-4342-8683-52bc508573e0,7766792,57.420623
88909834-c2f6-4070-bfb2-987725d5c101,7528992,55.543987
312a0365-7d2b-45f0-add0-11c4a0e7a22c,7659176,53.754735
5d8af224-0d10-405b-a134-8635bd3e5d4d,7758078,56.952878
a14f7205-7557-412a-bdee-93ddf94c114d,7624920,56.502305
750378f3-3e06-485d-8a2c-8fe16a9f1f84,7684760,56.406177
0b063801-4312-4ae8-83dd-e317702afbcf,7593944,55.886514
dd144e66-a450-441f-88e6-2403277bccba,972937808,5.668275
ce53945e-0bf2-44b2-a525-929291efb570,990342848,7.996
7b912d1b-5b3b-4fad-89e5-adc5ffdcb4a8,451902138,1.740649
60c2f62d-5c74-49bf-97cb-d19f1d318c0b,448449944,2.502903
c5b4f757-4e3d-4bf5-9392-ff798c5de974,853553124,7.657325
bb3e9226-f97d-4df5-8ed5-6e6b85816b91,970386872,7.635168999999999
f0dc35a3-4e0d-4b5f-91a9-46388d113690,436302610,1.927365
d186de20-a4da-4369-9864-3646ff421db6,450633736,2.25744
882d53dd-4589-41d3-bc7a-179557a6db3c,177616024,60.341
f956fe34-1c6d-49b8-add7-ad96dbbc6704,170009680,59.0
ba69ad08-aa04-4401-9b76-53768b15554a,503201704,14.57958
5a0c7500-f8d9-4fc2-b4aa-6417ad27ae1b,492977460,15.070298999999999
5509c73a-583c-4db9-8bc0-bbf2a97bd30a,6764560,76.657
5fb9e803-0031-43c0-a2c4-9a251333eab3,7709536,40.700337
b64e9450-e294-4bd6-a13c-17545105f102,632071864,19.218153
853eab54-9593-4467-91e7-1cd895cff0bf,711168196,21.394649
d5fa4f27-abd8-4a27-a8a8-61d50eb8ec3f,450545740,8.899079
95649ddf-e6d1-433c-a1be-b5bfd0a5e0ad,203847740,5.305463
fa8e7d91-f803-4f66-9844-492453bb183e,7169088,104.248
38f82f7a-4230-47b8-a84e-266bb4c09998,7242480,54.952607
0dda668f-7681-4e7a-af57-caafca5f69b6,7902256,54.282491
5dd2076f-224e-429a-bacc-38dcf541701e,7704808,58.119763
804d4927-32b9-401f-8343-eee21adabd31,364001914,7.937424999999999
880f65ae-7f5a-4741-8ad5-e254c23c987b,319659972,7.6574349999999995
84b03ce9-eb8e-4041-9e9e-d98b72757f20,173591810,4.434043
17d14387-f757-4734-9211-5c9c08567a27,178123522,3.946128
c6c6149a-decf-41f2-a962-2027d9f62b02,7785564,84.564
316fb96f-c43e-43e7-bbaf-d853c61f41c1,7885148,68.975
651ad2dd-5862-4bc5-bf0b-8d9aebcb570e,7810000,59.83
e8fe9bdf-6c63-4e7c-afa2-d69cd043ba7e,7648176,55.979
c1cf686f-a822-4676-8227-2e8f33d70c33,301335964,5.83155
90b9640b-e12c-41a1-978e-d2f488bf82a3,279966456,6.601617
0890c051-ba3b-4b3a-9bdf-41fcc88c743c,7498696,66.455
5baf384c-dfa8-4f82-a412-001ee0637d84,7903944,57.355967
5cd429dc-5cab-44d9-a6dc-7449907878e2,7551944,64.299
19765f0e-cb5e-4c73-8dde-e1c419eb8d84,7590968,52.03454
4dc5f42f-8962-4831-a828-b021123d7b02,7395776,50.535066
83590a9f-1097-4efd-be32-8e97ea6197ca,6237824,58.536313
ae467b13-6d06-4b14-8553-6f1276d3acc6,7744846,56.181728
39c39f47-c73d-4d2a-9751-a63ea8e105c4,7655576,57.341002
90dcd4ed-2387-43a4-9bcb-25d676c8ed0e,193025640,60.167
d0ab0afb-6737-4be4-9dd7-cdf2fdc7027b,187097528,59.016
19e0ce5e-afea-43e8-86c6-2626302371c0,183318168,59.031
681fbd29-b6f8-4324-aadc-58cde4703b07,178689400,59.03
eca3a3be-aa12-4de0-96dc-8036c011cf50,747948144,3.174346
91054405-330d-4f3d-b648-b8ee64527891,209551664,3.131036
03b9a246-32ef-4d0e-951c-418ecf2850ed,870657173,14.98334
6436bbc6-8cb3-455b-9fc5-b0e7a932c08f,932681152,14.861772
4083e653-1fcc-40c4-8a71-9f9a12d0287c,681364855,8.344689
16c29ef3-f51c-4c8b-a726-32e0bd8de72e,775742509,15.809943
21623201-f500-42af-8b23-7e03c641176e,901925514,8.595166
4b1335a8-ea18-4722-976c-eb6d5b59109b,696849042,8.37447
dc5d74a1-906f-42f1-a978-12830e9f215e,831520573,3.989
1bfbdcc8-25ec-4989-a764-172d5792eb49,473499229,3.2393799999999997
db123cc5-2452-4184-8904-dacb535c397f,844353165,6.71548
e1800760-4ea8-493d-ae08-d557ae5128df,890938472,14.978403
c40afbb4-0293-491b-b2b4-6cc57abba68b,831394463,6.530598
a686db8a-50cc-4775-8295-e79df5e312e3,803310511,7.991913
c2d64a94-f1f1-4f90-88ed-06a5d19ee940,410843253,3.373215
b003ece1-ff38-48f8-84f6-0cac153b5bcd,314651816,2.409199
ff98f515-293e-453e-841c-2b3e5adda780,874844746,10.687194
edb86760-ae45-42c4-8f27-4dc60dfe4dc6,760893583,7.508262
227632d6-329d-4776-a810-a1d83d25f8df,7470232,58.728929
05d0a4cf-b8f5-4a5d-8036-19f2630e47b0,7068888,60.299
16dcbb2a-03ef-4ae8-9195-8e2bf6299f8f,795041724,2.968468
0d68e0f4-0fb0-47af-9444-240532ea6a05,653811820,3.355907
7bfa9347-e2a1-4a75-b067-6399346ffd21,485044164,41.225791
a40ae954-9fb9-436c-974e-a370148900ff,659035032,54.933726
cab055bc-39d4-40a0-a59f-d34e3a3f2359,619312752,50.904121
3f294494-3fe7-47fd-8f2a-f15a536fc8da,555562260,46.261674
96cfedb9-626e-4c3e-bb32-75d5016a8769,710792792,59.003
09f62e91-9705-464e-820b-827ac9983032,626695848,52.370478
d72f2eac-0e00-4459-b0f1-dc3df3a3137e,741036960,59.019
5cd6f07f-4f8f-4000-95e1-d118a119392b,748670304,59.007
02844f7a-7290-49ee-9809-c0b6af6c8ae5,722989440,59.009
f96b3600-8b22-41c9-bf56-2483e33ec301,708215040,59.01
