job_id,subjob_id,simulated10MB,simulated50MB,simulated100MB,time_first_end10MB,time_first_end50MB,time_first_end100MB
1bfb1e34-42e4-477a-ab96-8c83e2e8597a,451b4d52-d6bb-4a18-95d0-5ca00c60a2c6,56.15,64.49,0.00,2025-06-16T08:19:36.019545+00:00,2025-06-16T08:20:05.060279+00:00,NA
1bfb1e34-42e4-477a-ab96-8c83e2e8597a,b235412f-ba0b-4874-a638-e30c1c1abc3a,80.32,77.38,0.00,2025-06-16T08:20:55.047599+00:00,2025-06-16T08:21:27.004007+00:00,NA
ee20e442-b38b-4ef6-8646-b2a40ab1ca16,e2b9f506-f892-4df4-8920-eaebd4e29936,83.48,965.82,429.74,2025-06-16T08:12:57.017165+00:00,2025-06-16T08:12:58.001968+00:00,2025-06-16T08:13:07.000596+00:00
ee20e442-b38b-4ef6-8646-b2a40ab1ca16,fe870dd3-4fa7-4553-8233-5055ddd2d242,0.00,890.99,1366.63,2025-06-16T08:13:27.000514+00:00,2025-06-16T08:13:29.000989+00:00,2025-06-16T08:13:30.004936+00:00
61828f8a-b2fc-4800-b817-544c6b0e8d55,b3df2c8e-7c7e-4920-ad02-fbc32d15a318,268.08,608.71,844.11,2025-05-26T21:37:09.000580+00:00,2025-05-26T21:37:11.000990+00:00,2025-05-26T21:37:14.010614+00:00
61828f8a-b2fc-4800-b817-544c6b0e8d55,4ab1c67f-0fef-4f58-9b69-1bd4a602f8ed,290.85,667.81,849.06,2025-05-26T21:37:39.000308+00:00,2025-05-26T21:37:41.000329+00:00,2025-05-26T21:37:44.001850+00:00
8a4238ad-6b9e-4959-8105-784c0659f6fe,303979f8-7f32-49cf-a6de-29e1e2576b86,313.79,653.79,763.99,2025-05-26T18:11:38.006807+00:00,2025-05-26T18:11:40.001994+00:00,2025-05-26T18:11:43.000163+00:00
8a4238ad-6b9e-4959-8105-784c0659f6fe,9cfebe39-6b65-4e82-b09a-b027a777f2fc,419.56,807.02,1009.95,2025-05-26T18:12:08.000320+00:00,2025-05-26T18:12:10.000441+00:00,2025-05-26T18:12:13.003707+00:00
37333d94-3012-4bcc-9bfd-4d15873af31b,2f031337-e8ab-4676-96f1-bea5d72c80c1,111.59,651.82,836.72,2025-05-26T17:18:34.000053+00:00,2025-05-26T17:18:37.000325+00:00,2025-05-26T17:18:40.063723+00:00
37333d94-3012-4bcc-9bfd-4d15873af31b,5ac2a361-c4f0-4522-9892-76e64fa473cd,379.00,781.26,824.43,2025-05-26T17:19:05.001375+00:00,2025-05-26T17:19:07.093784+00:00,2025-05-26T17:19:11.113852+00:00
35413cb0-1c14-4041-8a48-2c07cb384735,e1f60c6a-4b85-40f2-8ca4-eb6f01e2a5d7,105.58,172.58,165.55,2025-05-26T15:28:25.006533+00:00,2025-05-26T15:28:33.008459+00:00,2025-05-26T15:28:47.000763+00:00
35413cb0-1c14-4041-8a48-2c07cb384735,5bc2adc2-457a-48a9-8463-34769d8d17c0,129.18,215.16,224.87,2025-05-26T15:29:30.003212+00:00,2025-05-26T15:29:38.000385+00:00,2025-05-26T15:29:48.032262+00:00
86873df7-323e-40b9-a8b5-f13e825c4437,205c37a1-b5f3-4cce-8a0a-7f4d30dc7996,90.57,178.54,171.62,2025-05-26T14:55:50.172940+00:00,2025-05-26T14:56:00.018654+00:00,2025-05-26T14:56:14.072229+00:00
86873df7-323e-40b9-a8b5-f13e825c4437,40ac1472-e8b4-4741-a40a-ad038c79b216,129.51,234.40,212.37,2025-05-26T14:56:56.004389+00:00,2025-05-26T14:57:02.046006+00:00,2025-05-26T14:57:14.045542+00:00
e6d3cdac-31bf-4908-a83d-9419882d3f98,36ecf46d-7042-4d2a-b4e5-b15756bb7cf1,244.18,607.71,776.05,2025-05-26T14:54:04.001213+00:00,2025-05-26T14:54:06.000585+00:00,2025-05-26T14:54:10.000230+00:00
e6d3cdac-31bf-4908-a83d-9419882d3f98,9f554205-d98a-4ee2-9874-2991cd94d3be,254.53,718.28,834.91,2025-05-26T14:54:34.000735+00:00,2025-05-26T14:54:37.000837+00:00,2025-05-26T14:54:41.039823+00:00
eaae21ad-1c17-445e-8662-d29aa242b085,ad55438a-6f3e-44c8-b9fe-64cb5d8a7338,120.56,467.40,586.09,2025-05-26T14:27:11.000803+00:00,2025-05-26T14:27:14.000655+00:00,2025-05-26T14:27:18.001111+00:00
eaae21ad-1c17-445e-8662-d29aa242b085,9dbe34ea-f164-4238-a664-8cce5a403a69,140.39,563.84,736.79,2025-05-26T14:27:41.021242+00:00,2025-05-26T14:27:44.000062+00:00,2025-05-26T14:27:48.005457+00:00
041b3bbb-48e7-4ee1-8254-2218698ea01e,0c83fb84-1ada-4629-a142-6e5a648e5df8,10.53,0.00,0.00,2025-05-26T11:21:49.014665+00:00,NA,NA
041b3bbb-48e7-4ee1-8254-2218698ea01e,1a50dc56-eb14-4af2-a734-92eacf473633,13.52,0.00,0.00,2025-05-26T11:23:03.008717+00:00,NA,NA
4e39288f-028a-4649-8ddc-2846acceb89e,ac5da2a6-ac1b-4f45-bd82-00bfb001d84a,75.80,588.10,772.19,2025-05-26T11:18:33.000467+00:00,2025-05-26T11:18:36.000388+00:00,2025-05-26T11:18:39.002351+00:00
4e39288f-028a-4649-8ddc-2846acceb89e,0d7afd25-323b-4832-8626-df72dc3f9b3f,394.72,755.83,988.33,2025-05-26T11:19:04.001021+00:00,2025-05-26T11:19:06.000389+00:00,2025-05-26T11:19:09.030833+00:00
81b009b0-0923-46a8-a144-17e1af44a5f0,f96a94d3-dd44-4e64-9320-4e315aa02bc3,0.00,0.00,2969.57,2025-02-05T12:33:48.000223+00:00,2025-02-05T12:33:48.000223+00:00,2025-02-05T12:33:48.022661+00:00
8fc0e53e-5f1e-4e7b-b539-66502407b6f1,fb5f5b04-6d75-4ccb-b40a-80142bde8a67,429.27,429.27,2539.38,2025-01-15T12:08:00.005937+00:00,2025-01-15T12:08:00.005937+00:00,2025-01-15T12:08:01.004294+00:00
8fc0e53e-5f1e-4e7b-b539-66502407b6f1,6988371a-a726-410d-81ef-fd22528b3e2d,0.00,912.88,0.00,2025-01-15T12:08:37.000273+00:00,2025-01-15T12:08:38.000294+00:00,NA
00ffb82c-e6d6-4d78-a278-acb216fde739,5ff8f49b-108a-4e37-b347-fb6131e34b9a,115.69,254.98,0.00,2025-01-15T12:05:06.085458+00:00,2025-01-15T12:05:08.054140+00:00,NA
00ffb82c-e6d6-4d78-a278-acb216fde739,b91b634a-fe96-42da-a539-6f1ba5fe66ea,130.05,572.32,686.02,2025-01-15T12:05:53.007056+00:00,2025-01-15T12:05:56.003890+00:00,2025-01-15T12:06:00.009976+00:00
40f92fe0-aa82-402f-8fce-9486841745aa,fcdd8b6c-1e1d-4714-87ba-dbbe94bbfe46,132.99,208.93,220.46,2025-01-13T13:16:24.223433+00:00,2025-01-13T13:16:31.008338+00:00,2025-01-13T13:16:39.009082+00:00
40f92fe0-aa82-402f-8fce-9486841745aa,43ee8332-acdb-465f-be2d-c2779979d1af,153.87,216.01,216.41,2025-01-13T13:17:45.073886+00:00,2025-01-13T13:17:51.037467+00:00,2025-01-13T13:18:03.000079+00:00
f6f76215-da14-4f20-872c-8a890bf9aaad,bafa95e1-0d90-4f71-aa04-0e1ea092462e,0.00,362.77,367.32,2025-01-13T13:14:01.000328+00:00,2025-01-13T13:14:05.005314+00:00,2025-01-13T13:14:08.001714+00:00
f6f76215-da14-4f20-872c-8a890bf9aaad,879d1cb2-9800-4663-a9b6-4aa27d92815a,212.01,366.69,375.89,2025-01-13T13:14:52.000436+00:00,2025-01-13T13:14:58.001769+00:00,2025-01-13T13:15:06.010947+00:00
45211aa4-334d-4511-a2d5-64dd635af558,bdf27886-2456-4282-9e3d-f02f911d58d8,147.00,357.04,287.89,2025-01-13T13:11:47.000718+00:00,2025-01-13T13:11:50.030160+00:00,2025-01-13T13:11:58.001063+00:00
45211aa4-334d-4511-a2d5-64dd635af558,853a7f44-64ed-4e31-8a47-80cb2c366ede,99.13,329.87,332.50,2025-01-13T13:12:42.000359+00:00,2025-01-13T13:12:48.002977+00:00,2025-01-13T13:12:58.000240+00:00
4ebc1977-6ca6-4ca8-9f75-ed2c0c39c5e4,12b6557c-e473-40d7-ade5-d3367a0aa177,143.80,153.00,180.14,2025-01-13T13:08:38.039267+00:00,2025-01-13T13:08:50.000425+00:00,2025-01-13T13:09:01.067951+00:00
4ebc1977-6ca6-4ca8-9f75-ed2c0c39c5e4,47e9c760-e666-4bc5-af42-1738748f8da5,153.62,162.91,164.79,2025-01-13T13:09:59.001774+00:00,2025-01-13T13:10:11.002584+00:00,2025-01-13T13:10:21.023826+00:00
489bc355-c5fa-4b1a-9b68-9192073d4a73,3080b738-1c85-4c6c-809b-be45244f8ba5,158.20,162.54,184.60,2025-01-13T13:05:07.024451+00:00,2025-01-13T13:05:17.000350+00:00,2025-01-13T13:05:25.000782+00:00
489bc355-c5fa-4b1a-9b68-9192073d4a73,0296a273-bc4e-4992-8ad1-1fdc086001e3,275.04,191.30,219.61,2025-01-13T13:06:27.041861+00:00,2025-01-13T13:06:37.003351+00:00,2025-01-13T13:06:47.017467+00:00
ec0779ba-08d3-4e1d-91df-237d310273c6,8cddc791-66ca-4ef9-83b2-a3893496efdd,94.51,101.95,112.41,2025-01-13T13:01:45.001468+00:00,2025-01-13T13:01:59.001505+00:00,2025-01-13T13:02:14.024858+00:00
ec0779ba-08d3-4e1d-91df-237d310273c6,2bcc34d1-4ce0-42b4-ba37-a93ba7b1f881,92.77,135.66,149.50,2025-01-13T13:03:04.035119+00:00,2025-01-13T13:03:21.056038+00:00,2025-01-13T13:03:41.005385+00:00
852e3844-8682-4864-8743-eb6cae0cbf31,61961d34-5b1d-417d-bc3a-d2f9f5cf45d9,91.81,118.87,130.59,2025-01-13T12:57:50.016483+00:00,2025-01-13T12:58:03.003974+00:00,2025-01-13T12:58:17.139473+00:00
852e3844-8682-4864-8743-eb6cae0cbf31,20974f9e-030d-402b-9e9f-49753a82ed3b,79.91,111.72,125.14,2025-01-13T12:59:12.056297+00:00,2025-01-13T12:59:25.017506+00:00,2025-01-13T12:59:40.083713+00:00
c204528f-31a3-4f5c-a142-30632e18affc,517f317f-7108-48be-99a6-78118eb16adb,97.74,122.19,125.84,2025-01-13T12:54:41.000972+00:00,2025-01-13T12:55:01.000615+00:00,2025-01-13T12:55:24.088523+00:00
c204528f-31a3-4f5c-a142-30632e18affc,34820c9a-83fe-41b1-9498-00c0e5958382,106.91,115.16,0.00,2025-01-13T12:55:57.002125+00:00,2025-01-13T12:56:23.399159+00:00,NA
29794b4c-5d60-46aa-a491-2edfb1c23ead,160543cb-51ef-4ac9-b61a-754451a72ad7,118.97,122.18,113.25,2025-01-13T12:51:24.490832+00:00,2025-01-13T12:51:45.012009+00:00,2025-01-13T12:52:15.004659+00:00
29794b4c-5d60-46aa-a491-2edfb1c23ead,f29e8aee-381f-4744-a0a1-39014c6c5e66,90.27,110.41,0.00,2025-01-13T12:52:48.001816+00:00,2025-01-13T12:53:15.286651+00:00,NA
63ca3798-7166-4b9c-8859-ae752135a259,7d081531-e10c-4046-887b-c16f904fa491,79.49,90.93,90.97,2025-01-13T12:48:15.010510+00:00,2025-01-13T12:48:35.029459+00:00,2025-01-13T12:49:03.010493+00:00
63ca3798-7166-4b9c-8859-ae752135a259,2be9eb4c-88c6-4127-86d1-d236b75d106b,94.95,91.78,93.84,2025-01-13T12:49:35.044103+00:00,2025-01-13T12:49:59.000537+00:00,2025-01-13T12:50:20.049413+00:00
9a7d8296-9d9d-48c5-86af-21460bc4ba69,ba90e1fc-bade-4c4f-bdf9-1980da6ab1ec,84.59,93.41,92.41,2025-01-13T12:42:39.003017+00:00,2025-01-13T12:43:03.000465+00:00,2025-01-13T12:43:24.005162+00:00
9a7d8296-9d9d-48c5-86af-21460bc4ba69,a8e99a2b-f45a-475f-8226-c23139d72606,86.17,92.66,93.21,2025-01-13T12:45:00.007956+00:00,2025-01-13T12:45:16.003962+00:00,2025-01-13T12:45:47.006894+00:00
11603013-d76a-4ee8-a557-3531e27b0df1,0d39341d-f7d8-42cb-ae20-aecb1c183be6,69.48,76.69,78.66,2025-01-13T12:39:04.038755+00:00,2025-01-13T12:39:28.057131+00:00,2025-01-13T12:39:58.016162+00:00
11603013-d76a-4ee8-a557-3531e27b0df1,18ed96cd-946f-4f44-b0b1-161ca3398a12,70.30,88.10,0.00,2025-01-13T12:40:25.005246+00:00,2025-01-13T12:40:53.070851+00:00,NA
e7cfd0e0-cb64-4cb6-be33-e736988fd089,d2e19aa5-8593-46b0-8733-e6cade2d302e,10.31,0.00,0.00,2025-01-13T12:36:02.033723+00:00,NA,NA
e7cfd0e0-cb64-4cb6-be33-e736988fd089,86f7ed84-9097-437c-90a8-2095ca85cb26,11.96,0.00,0.00,2025-01-13T12:37:29.004133+00:00,NA,NA
5ab38e34-c1a6-478e-ae9b-b502608205e5,a057e966-83a9-47e6-bf0f-b84c65994c34,18.14,0.00,0.00,2025-01-13T12:29:56.015183+00:00,NA,NA
5ab38e34-c1a6-478e-ae9b-b502608205e5,bc325a7a-45c7-43f5-8b0f-0dcaf64a9e57,17.27,0.00,0.00,2025-01-13T12:32:17.039531+00:00,NA,NA
61e021aa-be64-478c-b629-2b765c056351,9401c51e-bd64-45ce-88a0-f9a5ecc224fc,21.27,0.00,0.00,2025-01-13T12:24:49.015789+00:00,NA,NA
61e021aa-be64-478c-b629-2b765c056351,af07d920-533f-4b8f-bc72-bde5e1d6c61b,19.46,0.00,0.00,2025-01-13T12:26:12.006472+00:00,NA,NA
02d466c5-ba4f-4bed-8651-7efbbed94d54,98f952e1-5d2b-493c-88e7-4b555578b430,202.05,236.22,243.76,2025-01-10T14:33:33.001977+00:00,2025-01-10T14:33:38.032522+00:00,2025-01-10T14:33:55.001162+00:00
02d466c5-ba4f-4bed-8651-7efbbed94d54,8ef4a069-c736-447d-bf20-d4f1dcb380fd,191.54,290.05,339.61,2025-01-10T14:34:19.001770+00:00,2025-01-10T14:34:23.000913+00:00,2025-01-10T14:34:26.128281+00:00
8a3107e8-772e-41ac-8d90-550684e1c371,76878b9a-35a4-44dd-9197-e13383ccbcad,170.32,229.52,244.56,2025-01-10T14:30:19.000664+00:00,2025-01-10T14:30:25.004994+00:00,2025-01-10T14:30:34.006254+00:00
8a3107e8-772e-41ac-8d90-550684e1c371,4c35d901-992b-4e79-82c9-821ff63c79fc,221.04,352.82,364.71,2025-01-10T14:31:21.000170+00:00,2025-01-10T14:31:26.002839+00:00,2025-01-10T14:31:33.015166+00:00
0ed9699b-b898-458d-9e49-907e4c907d65,a560ddef-9b91-40f8-99c9-00c44216b8b9,0.00,744.94,764.53,2025-01-10T14:28:07.000468+00:00,2025-01-10T14:28:09.000743+00:00,2025-01-10T14:28:12.071102+00:00
0ed9699b-b898-458d-9e49-907e4c907d65,a31d9578-11bc-40bb-a86d-aafcb8087458,496.42,711.31,719.35,2025-01-10T14:28:40.000747+00:00,2025-01-10T14:28:43.001356+00:00,2025-01-10T14:28:47.000152+00:00
29ec95d8-cbee-4907-8444-3f12da6a7426,25518521-3908-4be7-b6e8-cbbb3db73b7d,125.67,528.39,656.92,2025-01-10T13:55:53.000608+00:00,2025-01-10T13:55:55.003554+00:00,2025-01-10T13:55:57.001660+00:00
29ec95d8-cbee-4907-8444-3f12da6a7426,b12d73b0-20be-4c8b-9f2e-bee48f0f36a4,268.92,789.30,672.92,2025-01-10T13:56:28.002680+00:00,2025-01-10T13:56:30.006454+00:00,2025-01-10T13:56:36.001558+00:00
aef4f589-395e-4fed-b4a0-90e6ad20134a,05e81d10-ea99-46c5-9856-54482b14ddcf,109.74,93.89,67.41,2025-01-10T13:54:48.032293+00:00,2025-01-10T13:54:52.004846+00:00,2025-01-10T13:54:59.045301+00:00
f1743201-f2e6-422e-b94f-44561cc3aa37,f6d641a5-8b16-4f58-b7d6-7776ab813d7f,392.65,523.46,325.80,2024-12-18T14:54:48.000563+00:00,2024-12-18T14:54:49.000892+00:00,2024-12-18T14:55:01.001821+00:00
f1743201-f2e6-422e-b94f-44561cc3aa37,0827d378-0c4c-4af9-9fa6-5a330ba98c97,107.84,508.63,579.50,2024-12-18T14:55:22.000451+00:00,2024-12-18T14:55:24.001461+00:00,2024-12-18T14:55:26.013275+00:00
3c8196f3-313b-4a84-94a1-c49684dc10fe,b24a58fa-3499-4f06-941d-cf4f89e75edf,178.02,570.75,574.11,2024-12-18T14:48:47.046975+00:00,2024-12-18T14:48:49.001837+00:00,2024-12-18T14:48:51.000738+00:00
3c8196f3-313b-4a84-94a1-c49684dc10fe,65de365a-da58-4b2d-b2c0-695695c558ec,173.50,704.04,682.83,2024-12-18T14:49:22.000180+00:00,2024-12-18T14:49:23.000327+00:00,2024-12-18T14:49:28.001527+00:00
023624df-e299-4cdd-8228-2c529182642d,bb21188c-3636-4633-bf6f-b269bbc54048,56.70,62.26,0.00,2024-12-18T14:40:11.771940+00:00,2024-12-18T14:40:50.020839+00:00,NA
023624df-e299-4cdd-8228-2c529182642d,ee6af797-848b-477f-a57f-2491762e3a67,71.73,0.00,0.00,2024-12-18T14:41:53.098860+00:00,NA,NA
4625d744-d723-4fd3-914f-7f2847c566d1,4e631cda-0ce6-41af-a997-a6a36f80b79a,80.43,88.01,0.00,2024-12-18T14:33:55.001042+00:00,2024-12-18T14:34:23.089498+00:00,NA
4625d744-d723-4fd3-914f-7f2847c566d1,ca3717c3-902b-4c92-b616-f9ac505da8b9,86.32,82.72,0.00,2024-12-18T14:35:17.090007+00:00,2024-12-18T14:35:54.060723+00:00,NA
75579f18-65d8-4c61-9a92-fe51ea6bd7c5,6334998d-1e87-4e3d-a5d6-b0e61c6c0333,0.00,1629.34,0.00,2024-12-18T14:32:10.006190+00:00,2024-12-18T14:32:11.000099+00:00,NA
7ef16b49-a940-4b03-ba4b-d49f1bbaf599,1ddacce1-fc4f-45d7-aef0-f53c972caf5c,0.00,2031.37,0.00,2024-12-18T14:30:35.000471+00:00,2024-12-18T14:30:36.004957+00:00,NA
887bf991-5683-4bfb-8e38-09e2d344a333,bc439237-b3f3-4e0f-95c2-f03048006564,142.33,135.81,111.64,2024-12-10T14:23:05.042712+00:00,2024-12-10T14:23:23.023665+00:00,2024-12-10T14:23:54.011528+00:00
887bf991-5683-4bfb-8e38-09e2d344a333,fb3b51aa-f6e2-45ab-bef8-9c83b0ef5d60,92.12,260.94,167.98,2024-12-10T14:24:25.004443+00:00,2024-12-10T14:24:32.018587+00:00,2024-12-10T14:24:51.000340+00:00
e9f94805-e0ba-430d-ab6d-eb022ce9e6d5,9b6b74aa-de3c-46ea-a42c-df737ab824ae,98.64,121.60,146.78,2024-12-10T14:20:29.000523+00:00,2024-12-10T14:20:48.023963+00:00,2024-12-10T14:21:04.001621+00:00
e9f94805-e0ba-430d-ab6d-eb022ce9e6d5,21b95281-18e7-45df-814b-70635dc55764,106.82,183.48,166.34,2024-12-10T14:21:44.000969+00:00,2024-12-10T14:21:53.001520+00:00,2024-12-10T14:22:16.003721+00:00
aafdc19e-7c35-4413-8c84-5e70a28b0c97,23573a99-b1bb-4faa-95ef-f68ba1972596,109.56,188.54,187.72,2024-12-10T14:17:52.012753+00:00,2024-12-10T14:17:59.046669+00:00,2024-12-10T14:18:07.001125+00:00
aafdc19e-7c35-4413-8c84-5e70a28b0c97,fa867e00-8cfe-4e59-8b20-5657746c407f,103.09,153.00,0.00,2024-12-10T14:19:07.021957+00:00,2024-12-10T14:19:18.029379+00:00,NA
c7057de1-b64e-48ac-aafe-cc17cdd37556,2985aa49-a121-4450-bb65-431df00dfffc,101.47,118.42,129.76,2024-12-10T14:15:07.033562+00:00,2024-12-10T14:15:23.019463+00:00,2024-12-10T14:15:44.004182+00:00
c7057de1-b64e-48ac-aafe-cc17cdd37556,11af8522-5620-46ed-8421-7053249ba359,82.69,54.65,0.00,2024-12-10T14:16:27.031508+00:00,2024-12-10T14:17:17.013147+00:00,NA
96bcb907-fcaf-46fb-8fb8-2346a615bff4,7846e223-742c-4253-8cc5-f5898dfb850b,156.86,93.97,0.00,2024-12-10T14:11:04.002868+00:00,2024-12-10T14:11:23.009208+00:00,NA
96bcb907-fcaf-46fb-8fb8-2346a615bff4,a130ea89-8457-4238-8d48-d02340e4af86,66.56,58.89,0.00,2024-12-10T14:12:41.096418+00:00,2024-12-10T14:13:20.023969+00:00,NA
731ce9e9-cbd9-4ece-952c-de4b5897cb0f,b4453069-05c2-4edb-9a03-c195771d1638,127.40,94.28,117.67,2024-12-10T14:08:19.018386+00:00,2024-12-10T14:08:43.018608+00:00,2024-12-10T14:09:04.011662+00:00
731ce9e9-cbd9-4ece-952c-de4b5897cb0f,ba650328-38b7-4b91-a706-8b5f1d15b5a1,184.26,135.71,0.00,2024-12-10T14:09:39.007999+00:00,2024-12-10T14:09:54.006143+00:00,NA
a46dc055-fcaf-4757-92e1-24b217c6e21f,71db46de-5f75-43c5-8747-02ed9e2e32d2,74.68,0.00,0.00,2024-12-10T14:04:02.258405+00:00,NA,NA
a46dc055-fcaf-4757-92e1-24b217c6e21f,498d2432-ba1a-411c-be6b-530cd9af24e2,58.40,66.99,0.00,2024-12-10T14:05:25.014875+00:00,2024-12-10T14:06:11.077047+00:00,NA
d91afa3b-be78-4f10-8de1-e385d0e28c21,77944449-4aec-41b4-aecd-dff8bc91b7ee,33.19,0.00,0.00,2024-12-10T14:01:27.060794+00:00,NA,NA
d91afa3b-be78-4f10-8de1-e385d0e28c21,8a195fa0-d38d-4abc-85e2-ba85d7063007,73.59,63.29,0.00,2024-12-10T14:02:36.002660+00:00,2024-12-10T14:03:23.000343+00:00,NA
c2ff83c6-263f-4bbf-a8f3-af5164ad62af,c6a1d43f-c2ec-499e-b2cb-ec8b8f8ddd36,56.34,0.00,0.00,2024-12-10T13:58:34.002920+00:00,NA,NA
c2ff83c6-263f-4bbf-a8f3-af5164ad62af,ef198208-6a7f-4a30-9cba-3f55295ed4c2,71.67,0.00,0.00,2024-12-10T13:59:51.148221+00:00,NA,NA
c1c718bc-1407-4678-8539-a16e9bcf46e1,cf937433-9a1d-47b7-b1df-ec83762e4a81,101.84,95.42,0.00,2024-12-10T13:55:41.015548+00:00,2024-12-10T13:56:00.037031+00:00,NA
c1c718bc-1407-4678-8539-a16e9bcf46e1,b8d9a3d4-83b2-4297-a57b-ad2617f4ad54,90.54,93.77,94.42,2024-12-10T13:57:02.033993+00:00,2024-12-10T13:57:24.007037+00:00,2024-12-10T13:57:54.010277+00:00
fe5f3e98-238a-4288-b48f-eae5cd4f3584,96ce0407-dd17-46c2-86f9-9c6cdc0422c8,84.84,91.18,84.30,2024-12-10T13:52:57.004951+00:00,2024-12-10T13:53:17.007520+00:00,2024-12-10T13:53:48.004282+00:00
fe5f3e98-238a-4288-b48f-eae5cd4f3584,236adce9-d8f8-4aa6-b325-f320c0b35e71,92.67,94.26,0.00,2024-12-10T13:54:16.016502+00:00,2024-12-10T13:54:42.061855+00:00,NA
bd910975-9ade-47d6-9e2f-edf9e2d49234,279096a6-8f5a-47ea-99ea-fd755443bb63,72.22,74.76,0.00,2024-12-10T13:50:11.103582+00:00,2024-12-10T13:50:40.000780+00:00,NA
bd910975-9ade-47d6-9e2f-edf9e2d49234,114e3e17-1cc1-4189-9350-8d8b23a568d0,69.11,81.55,0.00,2024-12-10T13:51:31.089423+00:00,2024-12-10T13:51:52.237893+00:00,NA
db415af2-770a-40ce-a7ad-b319626cd356,f7212e3e-549e-4bc0-b780-84fb08ae0eab,12.97,0.00,0.00,2024-12-10T13:49:31.013830+00:00,NA,NA
c2c2157c-a1fc-467a-a06a-d823ced51648,a060f665-db3b-4796-91ba-de68a213e1f2,8.81,0.00,0.00,2024-12-10T13:44:35.012636+00:00,NA,NA
c2c2157c-a1fc-467a-a06a-d823ced51648,86f236b8-bf65-47be-aa7d-f5ba8c6f66b7,15.56,0.00,0.00,2024-12-10T13:45:33.023799+00:00,NA,NA
15f41be7-26a0-4351-90e2-14ec21bc693f,a2938374-b5b4-49c7-960a-b1e8f306078d,255.42,252.31,257.64,2024-11-12T13:42:12.002781+00:00,2024-11-12T13:42:17.000909+00:00,2024-11-12T13:42:23.000098+00:00
15f41be7-26a0-4351-90e2-14ec21bc693f,abda52b8-f1d5-4747-b163-96cb3bc04959,257.11,267.19,270.58,2024-11-12T13:43:12.000898+00:00,2024-11-12T13:43:18.000795+00:00,2024-11-12T13:43:26.000591+00:00
eab0091f-88ff-4c06-bce0-88ca2ce3d248,e22d95c0-6b7e-42ae-8302-cd1e121fffb4,12.74,48.52,135.78,2024-11-12T13:41:28.000974+00:00,2024-11-12T13:41:29.000102+00:00,2024-11-12T13:41:31.008379+00:00
7bccb4b6-7fde-4a1b-9a76-9aed14277e42,6737d374-5add-40d1-8d72-cf8c916e71c6,164.40,237.16,277.49,2024-11-12T13:33:18.203352+00:00,2024-11-12T13:33:26.000356+00:00,2024-11-12T13:33:35.182067+00:00
7bccb4b6-7fde-4a1b-9a76-9aed14277e42,d803b205-0ec8-4499-96ee-2e89716c8c65,151.28,263.25,267.98,2024-11-12T13:34:18.003019+00:00,2024-11-12T13:34:24.030559+00:00,2024-11-12T13:34:37.001102+00:00
ad3b74ec-c767-4b8c-94d6-f07cf3742c43,b8f7da85-d931-4fc7-9f7d-9a46520eba3a,67.65,181.93,215.77,2024-11-12T13:31:32.000475+00:00,2024-11-12T13:31:39.002820+00:00,2024-11-12T13:31:45.002396+00:00
ad3b74ec-c767-4b8c-94d6-f07cf3742c43,eb602615-2fa2-46a6-8f2b-66cb2b8f1fb2,192.95,294.03,277.67,2024-11-12T13:32:21.004421+00:00,2024-11-12T13:32:26.001569+00:00,2024-11-12T13:32:42.000950+00:00
db252037-a59c-43f1-adb5-538f5e24fbfd,dcf1e5eb-06fa-4940-9513-b18c87d0c82f,27.20,35.62,0.00,2024-11-12T13:27:41.003391+00:00,2024-11-12T13:28:15.003510+00:00,NA
db252037-a59c-43f1-adb5-538f5e24fbfd,59da326f-433b-4f68-943e-7e923a27af11,28.61,0.00,0.00,2024-11-12T13:30:21.395316+00:00,NA,NA
94926e15-2b50-427a-b2ba-207b88bc8787,5557ac57-e218-4fe4-ab88-d2427a8c1e36,30.23,0.00,0.00,2024-11-12T13:26:20.113954+00:00,NA,NA
94926e15-2b50-427a-b2ba-207b88bc8787,1d4904ce-c854-45bc-a9cb-a4111fd954d3,30.92,0.00,0.00,2024-11-12T13:29:00.021656+00:00,NA,NA
7d87222d-f472-416b-860e-a918d9367818,82bef855-998a-4d7d-91c2-a02d572be037,10.33,644.59,417.89,2024-11-12T13:24:30.001013+00:00,2024-11-12T13:24:31.000481+00:00,2024-11-12T13:24:45.009931+00:00
7d87222d-f472-416b-860e-a918d9367818,9f89a1dc-139f-4e79-aa1c-79a7cefd3c9a,237.70,619.37,1511.52,2024-11-12T13:25:08.000769+00:00,2024-11-12T13:25:08.000998+00:00,2024-11-12T13:25:28.000793+00:00
23bcaba1-e419-4e9c-a4c8-2632873d454e,7662125c-57c0-4c0f-a696-c8dda81ad2b7,117.57,165.84,193.67,2024-11-12T13:19:38.000636+00:00,2024-11-12T13:19:49.003961+00:00,2024-11-12T13:20:01.006677+00:00
23bcaba1-e419-4e9c-a4c8-2632873d454e,9f342142-275c-498d-9b47-8f953ec3b8bf,186.35,179.11,210.69,2024-11-12T13:21:59.003380+00:00,2024-11-12T13:22:08.011183+00:00,2024-11-12T13:22:15.004376+00:00
69acafca-47c2-4e59-a191-d8528d4f1e2d,10619138-f294-420b-b387-1f510da29e5a,22.73,0.00,0.00,2024-11-12T13:17:18.024450+00:00,NA,NA
69acafca-47c2-4e59-a191-d8528d4f1e2d,e547b5a3-63ef-4ae0-a2a0-939feed488be,23.28,0.00,0.00,2024-11-12T13:18:39.018977+00:00,NA,NA
3113c5d2-29b3-4968-8d59-79d7b4730cb3,ab66b178-317a-43bd-b6da-70da8fe155b9,14.26,0.00,0.00,2024-11-12T13:14:53.019753+00:00,NA,NA
3113c5d2-29b3-4968-8d59-79d7b4730cb3,8019c4c1-f562-43f0-8f0a-9e04f6da43b7,14.15,0.00,0.00,2024-11-12T13:16:16.010792+00:00,NA,NA
e25cad75-6db5-4d61-8217-293312c01378,f7186b93-98e9-4410-9266-3e83342eaeca,175.09,842.42,1037.25,2024-11-12T13:13:11.000055+00:00,2024-11-12T13:13:13.000738+00:00,2024-11-12T13:13:14.000749+00:00
e25cad75-6db5-4d61-8217-293312c01378,9ed2a16d-c4d3-409c-b7b1-8679a5b01a3e,338.97,1305.08,1587.05,2024-11-12T13:13:35.003078+00:00,2024-11-12T13:13:37.000119+00:00,2024-11-12T13:13:38.001248+00:00
7eb3d672-9c08-4a15-97ec-49b5dbfc2946,780b06a6-6c35-45c9-b42a-fdb449a029be,277.81,574.90,848.76,2024-11-12T13:11:58.001199+00:00,2024-11-12T13:12:00.003385+00:00,2024-11-12T13:12:04.006280+00:00
7eb3d672-9c08-4a15-97ec-49b5dbfc2946,e44cfb32-b886-48dd-b920-c989cb71fa91,288.91,620.88,801.51,2024-11-12T13:12:28.000281+00:00,2024-11-12T13:12:30.001110+00:00,2024-11-12T13:12:34.015262+00:00
30cdbbe8-ac43-4913-b34f-4d10b50f71e3,198bbd0b-afe9-41b9-a714-09d8f773b30a,144.08,173.33,207.95,2024-11-12T13:03:47.002182+00:00,2024-11-12T13:04:02.001261+00:00,2024-11-12T13:04:13.002483+00:00
30cdbbe8-ac43-4913-b34f-4d10b50f71e3,530ab850-70c0-4a33-819c-c638477bb3f3,136.57,160.00,198.87,2024-11-12T13:04:51.002002+00:00,2024-11-12T13:05:02.008605+00:00,2024-11-12T13:05:15.002832+00:00
fb40bef1-7318-4fb2-8aa3-6811377f3c64,0a24427b-64cc-43b0-b525-529cce258e6c,99.57,125.54,139.61,2024-11-12T13:01:04.039935+00:00,2024-11-12T13:01:24.003927+00:00,2024-11-12T13:01:40.023685+00:00
fb40bef1-7318-4fb2-8aa3-6811377f3c64,c40033dd-289e-4e79-b0a4-e4fd62a8da97,96.69,114.42,126.12,2024-11-12T13:02:24.095514+00:00,2024-11-12T13:02:44.010268+00:00,2024-11-12T13:02:56.031601+00:00
06fa6c3f-bd69-4e21-aea5-3b30c758cdac,22b23c8d-cf13-44c6-99c0-f6da535d7c30,181.14,482.96,0.00,2024-11-12T12:59:56.000723+00:00,2024-11-12T12:59:58.001822+00:00,NA
06fa6c3f-bd69-4e21-aea5-3b30c758cdac,23877fa4-56b9-4043-aa3e-1d52c266a0fa,248.71,688.39,924.59,2024-11-12T13:00:26.008199+00:00,2024-11-12T13:00:28.000446+00:00,2024-11-12T13:00:32.003126+00:00
55b54989-740c-47a9-b33d-19afda9f8753,6eb93c38-c3fb-432a-a232-93207240f77c,205.75,1266.12,0.00,2024-11-12T12:57:58.001035+00:00,2024-11-12T12:57:59.000563+00:00,NA
55b54989-740c-47a9-b33d-19afda9f8753,a86e3979-8f37-4d4f-92ae-8969d2056fbc,756.11,1304.10,1420.15,2024-11-12T12:59:19.000292+00:00,2024-11-12T12:59:20.000068+00:00,2024-11-12T12:59:22.000282+00:00
56bba3ef-1420-4874-9f21-c624d27a7066,d5fab82d-4423-45e6-bdba-aea92cbf7832,0.00,1016.67,0.00,2024-11-12T12:57:28.000276+00:00,2024-11-12T12:57:29.000280+00:00,NA
56bba3ef-1420-4874-9f21-c624d27a7066,db0ccf59-602c-45bc-8a49-4a334853400c,500.10,1142.37,1233.55,2024-11-12T12:58:54.000497+00:00,2024-11-12T12:58:55.000794+00:00,2024-11-12T12:58:58.002233+00:00
4092d50b-9e15-484d-89f1-56a49edc2eeb,f856950a-93b7-443f-8e06-7e1088e04376,242.95,595.58,873.42,2024-11-12T12:57:00.117615+00:00,2024-11-12T12:57:03.000930+00:00,2024-11-12T12:57:06.133884+00:00
4092d50b-9e15-484d-89f1-56a49edc2eeb,c46680d9-7db6-4cf7-9710-5fee077e33e0,236.04,673.62,865.25,2024-11-12T12:58:25.091080+00:00,2024-11-12T12:58:28.006943+00:00,2024-11-12T12:58:32.006090+00:00
0083d0bb-74c9-44b4-aa37-76aa6421652c,517b14a6-e014-49e5-815b-9aee535c6f3c,21.84,0.00,0.00,2024-11-12T12:54:33.001811+00:00,NA,NA
0083d0bb-74c9-44b4-aa37-76aa6421652c,210c79e9-f8db-48a7-ad72-414605ca7f90,21.49,0.00,0.00,2024-11-12T12:55:49.001689+00:00,NA,NA
5173efe2-20d5-4131-a67e-8cfbd90a6eef,60402fe5-d6a8-4746-971a-8ce846c1f126,0.00,145.91,2491.52,2024-11-12T12:49:20.000131+00:00,2024-11-12T12:49:20.000416+00:00,2024-11-12T12:49:21.001533+00:00
5173efe2-20d5-4131-a67e-8cfbd90a6eef,75c26e75-ee0d-448b-afa0-52a856f2ad5f,0.00,1581.88,0.00,2024-11-12T12:49:51.000461+00:00,2024-11-12T12:49:52.000122+00:00,NA
50e3de30-efbe-4d79-8da6-13a09c1a83a7,57d0cb1e-cda7-4851-8a62-b7662ec2002e,0.45,997.36,1281.26,2024-11-12T12:48:40.000521+00:00,2024-11-12T12:48:40.004316+00:00,2024-11-12T12:48:41.000337+00:00
50e3de30-efbe-4d79-8da6-13a09c1a83a7,544c0676-3d35-4521-9213-f200d01f6ab6,413.77,953.21,1266.01,2024-11-12T12:50:33.000288+00:00,2024-11-12T12:50:33.000370+00:00,2024-11-12T12:50:36.000878+00:00
62146498-6d8b-4c39-a08b-62ea1e2bc0ec,b8bb508b-2fe0-44c6-8f94-bb857430e028,22.97,0.00,0.00,2024-11-12T12:46:01.028097+00:00,NA,NA
62146498-6d8b-4c39-a08b-62ea1e2bc0ec,eb7857d4-48b8-4f33-b44d-45b4814cfd34,23.81,0.00,0.00,2024-11-12T12:47:19.000389+00:00,NA,NA
1555dffd-62cd-4024-bed5-42a0b2a4e0f7,dd144e66-a450-441f-88e6-2403277bccba,117.54,730.72,882.59,2024-11-12T12:28:21.000280+00:00,2024-11-12T12:28:24.000427+00:00,2024-11-12T12:28:27.004418+00:00
1555dffd-62cd-4024-bed5-42a0b2a4e0f7,ce53945e-0bf2-44b2-a525-929291efb570,123.41,716.28,891.69,2024-11-12T12:28:51.000447+00:00,2024-11-12T12:28:54.000112+00:00,2024-11-12T12:28:57.000583+00:00
d9ec93b7-a37b-4a66-89e1-b9e215e7c25d,7b912d1b-5b3b-4fad-89e5-adc5ffdcb4a8,440.23,1090.60,1417.16,2024-11-12T12:25:59.000457+00:00,2024-11-12T12:25:59.000955+00:00,2024-11-12T12:26:01.000620+00:00
d9ec93b7-a37b-4a66-89e1-b9e215e7c25d,60c2f62d-5c74-49bf-97cb-d19f1d318c0b,0.00,1930.13,0.00,2024-11-12T12:27:19.000689+00:00,2024-11-12T12:27:20.000070+00:00,NA
27c30a3a-e893-4d49-a059-691a9c68d28a,c5b4f757-4e3d-4bf5-9392-ff798c5de974,218.03,716.17,842.66,2024-11-12T12:26:26.000167+00:00,2024-11-12T12:26:29.000760+00:00,2024-11-12T12:26:32.001065+00:00
27c30a3a-e893-4d49-a059-691a9c68d28a,bb3e9226-f97d-4df5-8ed5-6e6b85816b91,122.27,712.96,875.07,2024-11-12T12:27:46.001901+00:00,2024-11-12T12:27:49.000655+00:00,2024-11-12T12:27:52.000367+00:00
764df5aa-ae55-46db-b185-6d43be3bd179,f0dc35a3-4e0d-4b5f-91a9-46388d113690,247.86,987.58,0.00,2024-11-12T12:25:34.000608+00:00,2024-11-12T12:25:35.000708+00:00,NA
764df5aa-ae55-46db-b185-6d43be3bd179,d186de20-a4da-4369-9864-3646ff421db6,0.00,2132.62,1989.78,2024-11-12T12:26:54.000195+00:00,2024-11-12T12:26:55.001691+00:00,2024-11-12T12:26:57.005831+00:00
bd7c0ffe-0168-40d2-b8c2-fc5bb47063b6,882d53dd-4589-41d3-bc7a-179557a6db3c,22.72,0.00,0.00,2024-11-12T12:23:05.003789+00:00,NA,NA
bd7c0ffe-0168-40d2-b8c2-fc5bb47063b6,f956fe34-1c6d-49b8-add7-ad96dbbc6704,15.85,0.00,0.00,2024-11-12T12:24:21.463753+00:00,NA,NA
1f74596c-ef4b-4469-b225-391947f17174,ba69ad08-aa04-4401-9b76-53768b15554a,115.30,224.70,242.98,2024-11-12T12:20:11.187172+00:00,2024-11-12T12:20:17.000186+00:00,2024-11-12T12:20:25.003795+00:00
1f74596c-ef4b-4469-b225-391947f17174,5a0c7500-f8d9-4fc2-b4aa-6417ad27ae1b,132.67,244.40,247.70,2024-11-12T12:21:17.032904+00:00,2024-11-12T12:21:23.045188+00:00,2024-11-12T12:21:30.053649+00:00
75ab2357-a408-40d4-b6ae-8b15df90c15f,b64e9450-e294-4bd6-a13c-17545105f102,97.43,257.49,261.30,2024-11-12T12:14:35.014082+00:00,2024-11-12T12:14:42.001078+00:00,2024-11-12T12:14:52.066313+00:00
75ab2357-a408-40d4-b6ae-8b15df90c15f,853eab54-9593-4467-91e7-1cd895cff0bf,134.42,239.32,255.63,2024-11-12T12:15:41.004741+00:00,2024-11-12T12:15:50.000649+00:00,2024-11-12T12:16:00.052546+00:00
4c5bda2e-cf5b-4beb-8735-a712d13badaa,d5fa4f27-abd8-4a27-a8a8-61d50eb8ec3f,208.83,390.26,359.08,2024-11-12T12:12:23.033369+00:00,2024-11-12T12:12:27.010313+00:00,2024-11-12T12:12:32.001248+00:00
4c5bda2e-cf5b-4beb-8735-a712d13badaa,95649ddf-e6d1-433c-a1be-b5bfd0a5e0ad,275.59,342.39,212.60,2024-11-12T12:13:23.026452+00:00,2024-11-12T12:13:26.014162+00:00,2024-11-12T12:13:45.000569+00:00
8dbdf583-3975-4f29-8294-c6068b3f6278,804d4927-32b9-401f-8343-eee21adabd31,204.93,338.84,354.05,2024-11-12T12:04:02.025703+00:00,2024-11-12T12:04:05.001984+00:00,2024-11-12T12:04:09.001145+00:00
8dbdf583-3975-4f29-8294-c6068b3f6278,880f65ae-7f5a-4741-8ad5-e254c23c987b,198.35,350.68,308.49,2024-11-12T12:04:57.013909+00:00,2024-11-12T12:04:59.003834+00:00,2024-11-12T12:05:04.000696+00:00
ae51b993-7de7-4333-8b0c-b304aa2e14eb,84b03ce9-eb8e-4041-9e9e-d98b72757f20,226.20,334.18,234.02,2024-11-12T11:59:16.000896+00:00,2024-11-12T11:59:18.000861+00:00,2024-11-12T11:59:28.004292+00:00
ae51b993-7de7-4333-8b0c-b304aa2e14eb,17d14387-f757-4734-9211-5c9c08567a27,239.01,384.23,291.60,2024-11-12T12:01:36.002146+00:00,2024-11-12T12:01:37.000766+00:00,2024-11-12T12:01:42.010953+00:00
408fc2c0-a8eb-4503-9ee5-ccefb6896cad,c1cf686f-a822-4676-8227-2e8f33d70c33,155.80,307.05,330.12,2024-11-12T11:48:09.000618+00:00,2024-11-12T11:48:12.000575+00:00,2024-11-12T11:48:15.000149+00:00
408fc2c0-a8eb-4503-9ee5-ccefb6896cad,90b9640b-e12c-41a1-978e-d2f488bf82a3,151.29,339.71,315.81,2024-11-12T11:50:29.004683+00:00,2024-11-12T11:50:32.000363+00:00,2024-11-12T11:50:40.020229+00:00
37f79e12-592e-4bdd-818b-1b68bb73280f,90dcd4ed-2387-43a4-9bcb-25d676c8ed0e,22.74,0.00,0.00,2024-11-12T11:34:03.001945+00:00,NA,NA
37f79e12-592e-4bdd-818b-1b68bb73280f,d0ab0afb-6737-4be4-9dd7-cdf2fdc7027b,21.91,0.00,0.00,2024-11-12T11:35:21.433855+00:00,NA,NA
b2810b80-01cf-447a-bbdf-da65226d6f55,19e0ce5e-afea-43e8-86c6-2626302371c0,23.83,0.00,0.00,2024-11-12T11:29:09.034963+00:00,NA,NA
b2810b80-01cf-447a-bbdf-da65226d6f55,681fbd29-b6f8-4324-aadc-58cde4703b07,23.31,0.00,0.00,2024-11-12T11:31:32.032834+00:00,NA,NA
b6e26c12-eebf-413d-b190-f8d1e5402c13,eca3a3be-aa12-4de0-96dc-8036c011cf50,360.70,1229.50,0.00,2024-11-12T11:27:21.000408+00:00,2024-11-12T11:27:23.000146+00:00,NA
b6e26c12-eebf-413d-b190-f8d1e5402c13,91054405-330d-4f3d-b648-b8ee64527891,297.51,331.25,0.00,2024-11-12T11:28:21.002941+00:00,2024-11-12T11:28:22.000945+00:00,NA
5b7c9c8d-6819-4b49-a091-b10155a10ed8,03b9a246-32ef-4d0e-951c-418ecf2850ed,81.76,263.89,453.38,2024-11-12T11:26:47.000738+00:00,2024-11-12T11:26:53.000991+00:00,2024-11-12T11:26:56.004440+00:00
5b7c9c8d-6819-4b49-a091-b10155a10ed8,6436bbc6-8cb3-455b-9fc5-b0e7a932c08f,87.93,296.56,482.36,2024-11-12T11:27:52.003560+00:00,2024-11-12T11:27:57.033704+00:00,2024-11-12T11:28:01.089070+00:00
64ef3cc4-215c-43cb-b89a-b87dfd78a047,4083e653-1fcc-40c4-8a71-9f9a12d0287c,207.46,410.23,683.70,2024-11-12T11:25:22.002912+00:00,2024-11-12T11:25:26.000297+00:00,2024-11-12T11:25:31.045224+00:00
64ef3cc4-215c-43cb-b89a-b87dfd78a047,16c29ef3-f51c-4c8b-a726-32e0bd8de72e,88.21,234.88,383.15,2024-11-12T11:26:03.000165+00:00,2024-11-12T11:26:08.005978+00:00,2024-11-12T11:26:11.000998+00:00
6cdcf5d0-a6db-4be1-b758-5789b32b4237,21623201-f500-42af-8b23-7e03c641176e,254.68,629.51,824.04,2024-11-12T11:23:52.061954+00:00,2024-11-12T11:23:56.000075+00:00,2024-11-12T11:23:59.003542+00:00
6cdcf5d0-a6db-4be1-b758-5789b32b4237,4b1335a8-ea18-4722-976c-eb6d5b59109b,168.81,446.66,732.43,2024-11-12T11:24:47.000251+00:00,2024-11-12T11:24:50.057293+00:00,2024-11-12T11:24:55.093196+00:00
dc100bbf-b6bc-436d-90a4-8d0921e97afb,dc5d74a1-906f-42f1-a978-12830e9f215e,144.74,1075.60,0.00,2024-11-12T11:23:25.000388+00:00,2024-11-12T11:23:27.000163+00:00,NA
dc100bbf-b6bc-436d-90a4-8d0921e97afb,1bfbdcc8-25ec-4989-a764-172d5792eb49,96.38,732.60,1150.96,2024-11-12T11:24:20.000758+00:00,2024-11-12T11:24:22.000685+00:00,2024-11-12T11:24:23.015962+00:00
dc4872b5-7c9d-40f5-8511-b55c6f98475e,db123cc5-2452-4184-8904-dacb535c397f,151.49,641.92,880.63,2024-11-12T11:22:11.000519+00:00,2024-11-12T11:22:14.000104+00:00,2024-11-12T11:22:17.037328+00:00
dc4872b5-7c9d-40f5-8511-b55c6f98475e,e1800760-4ea8-493d-ae08-d557ae5128df,79.54,266.43,455.22,2024-11-12T11:22:46.000646+00:00,2024-11-12T11:22:52.000271+00:00,2024-11-12T11:22:55.000447+00:00
0c66d895-471b-4059-a1ff-9a7926ed099e,c40afbb4-0293-491b-b2b4-6cc57abba68b,328.95,731.17,974.17,2024-11-12T11:18:56.000157+00:00,2024-11-12T11:18:58.000395+00:00,2024-11-12T11:19:01.000070+00:00
0c66d895-471b-4059-a1ff-9a7926ed099e,a686db8a-50cc-4775-8295-e79df5e312e3,168.32,528.14,355.82,2024-11-12T11:20:26.000256+00:00,2024-11-12T11:20:30.006630+00:00,2024-11-12T11:20:46.001314+00:00
b32db341-8233-426e-a82a-eb5c6f358ebf,c2d64a94-f1f1-4f90-88ed-06a5d19ee940,344.24,752.63,1038.58,2024-11-12T11:19:25.000851+00:00,2024-11-12T11:19:27.001244+00:00,2024-11-12T11:19:30.001022+00:00
b32db341-8233-426e-a82a-eb5c6f358ebf,b003ece1-ff38-48f8-84f6-0cac153b5bcd,584.37,1035.87,0.00,2024-11-12T11:21:05.001656+00:00,2024-11-12T11:21:06.032530+00:00,NA
414d998b-a49d-4e65-b6f9-dc9379b1d288,ff98f515-293e-453e-841c-2b3e5adda780,167.81,372.02,548.63,2024-11-12T11:19:53.000969+00:00,2024-11-12T11:19:57.001009+00:00,2024-11-12T11:20:00.010444+00:00
414d998b-a49d-4e65-b6f9-dc9379b1d288,edb86760-ae45-42c4-8f27-4dc60dfe4dc6,142.13,551.31,737.48,2024-11-12T11:21:31.000159+00:00,2024-11-12T11:21:34.027816+00:00,2024-11-12T11:21:37.001790+00:00
c854ca33-b6dd-4e56-bb20-385e8f712b25,16dcbb2a-03ef-4ae8-9195-8e2bf6299f8f,393.32,1241.61,1715.18,2024-11-12T10:18:52.000379+00:00,2024-11-12T10:18:53.000350+00:00,2024-11-12T10:18:55.042923+00:00
c854ca33-b6dd-4e56-bb20-385e8f712b25,0d68e0f4-0fb0-47af-9444-240532ea6a05,419.20,1117.75,1447.69,2024-11-12T10:19:17.000337+00:00,2024-11-12T10:19:18.000734+00:00,2024-11-12T10:19:21.009886+00:00
f84dd79d-0bfb-4c3b-9d43-a8a7dce26fa7,7bfa9347-e2a1-4a75-b067-6399346ffd21,74.92,90.29,94.51,2024-11-08T16:47:06.000397+00:00,2024-11-08T16:47:21.068600+00:00,2024-11-08T16:47:41.004575+00:00
f84dd79d-0bfb-4c3b-9d43-a8a7dce26fa7,a40ae954-9fb9-436c-974e-a370148900ff,76.73,93.92,95.41,2024-11-08T16:48:25.017660+00:00,2024-11-08T16:48:43.005879+00:00,2024-11-08T16:49:14.009381+00:00
6fdc8043-0101-450a-9733-5a5c54de69e0,cab055bc-39d4-40a0-a59f-d34e3a3f2359,82.06,90.73,95.34,2024-11-08T11:01:44.052192+00:00,2024-11-08T11:01:59.000282+00:00,2024-11-08T11:02:27.114806+00:00
6fdc8043-0101-450a-9733-5a5c54de69e0,3f294494-3fe7-47fd-8f2a-f15a536fc8da,73.79,91.85,94.11,2024-11-08T11:03:04.001380+00:00,2024-11-08T11:03:19.009883+00:00,2024-11-08T11:03:43.001512+00:00
e1032366-5276-4375-9262-a854b777054e,96cfedb9-626e-4c3e-bb32-75d5016a8769,102.70,97.92,0.00,2024-11-08T10:57:15.000909+00:00,2024-11-08T10:57:41.002355+00:00,NA
e1032366-5276-4375-9262-a854b777054e,09f62e91-9705-464e-820b-827ac9983032,97.21,97.88,96.67,2024-11-08T10:58:35.000260+00:00,2024-11-08T10:58:55.003167+00:00,2024-11-08T10:59:22.000381+00:00
d0b3872b-b68c-417f-ac20-a9ec83b07a35,d72f2eac-0e00-4459-b0f1-dc3df3a3137e,102.94,103.27,101.60,2024-11-05T11:59:54.001543+00:00,2024-11-05T12:00:15.008898+00:00,2024-11-05T12:00:48.005782+00:00
d0b3872b-b68c-417f-ac20-a9ec83b07a35,5cd6f07f-4f8f-4000-95e1-d118a119392b,102.27,102.39,0.00,2024-11-05T12:02:15.002507+00:00,2024-11-05T12:02:39.004844+00:00,NA
7c626bba-3cbc-4664-a2e6-bfb7834978b5,02844f7a-7290-49ee-9809-c0b6af6c8ae5,102.16,98.31,0.00,2024-11-05T11:50:23.001594+00:00,2024-11-05T11:50:49.002369+00:00,NA
7c626bba-3cbc-4664-a2e6-bfb7834978b5,f96b3600-8b22-41c9-bf56-2483e33ec301,89.73,95.03,0.00,2024-11-05T11:51:43.000119+00:00,2024-11-05T11:52:13.004915+00:00,NA
