job_id,subjob_id,node_tier
1bfb1e34-42e4-477a-ab96-8c83e2e8597a,451b4d52-d6bb-4a18-95d0-5ca00c60a2c6,Low
1bfb1e34-42e4-477a-ab96-8c83e2e8597a,b235412f-ba0b-4874-a638-e30c1c1abc3a,Low
ee20e442-b38b-4ef6-8646-b2a40ab1ca16,e2b9f506-f892-4df4-8920-eaebd4e29936,High
ee20e442-b38b-4ef6-8646-b2a40ab1ca16,fe870dd3-4fa7-4553-8233-5055ddd2d242,High
bd6c9540-117d-498c-8471-7e7e51979971,e8ee33a5-777f-48f9-b116-6d5b89800cfe,Low
bd6c9540-117d-498c-8471-7e7e51979971,f388d0bb-eb0e-4191-b23a-9dbfbd6b27b6,Low
61828f8a-b2fc-4800-b817-544c6b0e8d55,b3df2c8e-7c7e-4920-ad02-fbc32d15a318,High
61828f8a-b2fc-4800-b817-544c6b0e8d55,4ab1c67f-0fef-4f58-9b69-1bd4a602f8ed,High
8a4238ad-6b9e-4959-8105-784c0659f6fe,303979f8-7f32-49cf-a6de-29e1e2576b86,High
8a4238ad-6b9e-4959-8105-784c0659f6fe,9cfebe39-6b65-4e82-b09a-b027a777f2fc,High
37333d94-3012-4bcc-9bfd-4d15873af31b,2f031337-e8ab-4676-96f1-bea5d72c80c1,High
37333d94-3012-4bcc-9bfd-4d15873af31b,5ac2a361-c4f0-4522-9892-76e64fa473cd,High
35413cb0-1c14-4041-8a48-2c07cb384735,e1f60c6a-4b85-40f2-8ca4-eb6f01e2a5d7,Medium
35413cb0-1c14-4041-8a48-2c07cb384735,5bc2adc2-457a-48a9-8463-34769d8d17c0,Medium
86873df7-323e-40b9-a8b5-f13e825c4437,205c37a1-b5f3-4cce-8a0a-7f4d30dc7996,Medium
86873df7-323e-40b9-a8b5-f13e825c4437,40ac1472-e8b4-4741-a40a-ad038c79b216,Medium
e6d3cdac-31bf-4908-a83d-9419882d3f98,36ecf46d-7042-4d2a-b4e5-b15756bb7cf1,High
e6d3cdac-31bf-4908-a83d-9419882d3f98,9f554205-d98a-4ee2-9874-2991cd94d3be,Medium
eaae21ad-1c17-445e-8662-d29aa242b085,ad55438a-6f3e-44c8-b9fe-64cb5d8a7338,Medium
eaae21ad-1c17-445e-8662-d29aa242b085,9dbe34ea-f164-4238-a664-8cce5a403a69,Medium
041b3bbb-48e7-4ee1-8254-2218698ea01e,0c83fb84-1ada-4629-a142-6e5a648e5df8,Low
041b3bbb-48e7-4ee1-8254-2218698ea01e,1a50dc56-eb14-4af2-a734-92eacf473633,Low
4e39288f-028a-4649-8ddc-2846acceb89e,ac5da2a6-ac1b-4f45-bd82-00bfb001d84a,Medium
4e39288f-028a-4649-8ddc-2846acceb89e,0d7afd25-323b-4832-8626-df72dc3f9b3f,High
81b009b0-0923-46a8-a144-17e1af44a5f0,f96a94d3-dd44-4e64-9320-4e315aa02bc3,High
81b009b0-0923-46a8-a144-17e1af44a5f0,acf21916-af95-4ac5-ba6b-5f1fc7f0ed21,High
cb049a79-61dc-4697-b07b-e2138d92a9dd,2c5394ba-3720-4350-9c93-274598b4eb23,High
cb049a79-61dc-4697-b07b-e2138d92a9dd,90b8db9b-5dc8-4bae-b163-8e7ba01f5401,High
b0d43fe9-4fb1-4296-ae22-a708f149aff3,628292d7-1aae-43c8-b61e-27b9e9a7bfbe,High
b0d43fe9-4fb1-4296-ae22-a708f149aff3,6316832d-ec55-4814-bed4-99e4bee45ade,High
8fc0e53e-5f1e-4e7b-b539-66502407b6f1,fb5f5b04-6d75-4ccb-b40a-80142bde8a67,High
8fc0e53e-5f1e-4e7b-b539-66502407b6f1,6988371a-a726-410d-81ef-fd22528b3e2d,High
00ffb82c-e6d6-4d78-a278-acb216fde739,5ff8f49b-108a-4e37-b347-fb6131e34b9a,Medium
00ffb82c-e6d6-4d78-a278-acb216fde739,b91b634a-fe96-42da-a539-6f1ba5fe66ea,Medium
109e43f4-dc51-44df-8ce6-591ec169a130,a284911b-2e5f-48be-82ba-7ba0b3e36ff9,High
109e43f4-dc51-44df-8ce6-591ec169a130,68bc358f-de47-4166-bc82-fe7992c054cd,High
40f92fe0-aa82-402f-8fce-9486841745aa,fcdd8b6c-1e1d-4714-87ba-dbbe94bbfe46,Medium
40f92fe0-aa82-402f-8fce-9486841745aa,43ee8332-acdb-465f-be2d-c2779979d1af,Medium
f6f76215-da14-4f20-872c-8a890bf9aaad,bafa95e1-0d90-4f71-aa04-0e1ea092462e,Medium
f6f76215-da14-4f20-872c-8a890bf9aaad,879d1cb2-9800-4663-a9b6-4aa27d92815a,Medium
45211aa4-334d-4511-a2d5-64dd635af558,bdf27886-2456-4282-9e3d-f02f911d58d8,Medium
45211aa4-334d-4511-a2d5-64dd635af558,853a7f44-64ed-4e31-8a47-80cb2c366ede,Medium
4ebc1977-6ca6-4ca8-9f75-ed2c0c39c5e4,12b6557c-e473-40d7-ade5-d3367a0aa177,Medium
4ebc1977-6ca6-4ca8-9f75-ed2c0c39c5e4,47e9c760-e666-4bc5-af42-1738748f8da5,Medium
489bc355-c5fa-4b1a-9b68-9192073d4a73,3080b738-1c85-4c6c-809b-be45244f8ba5,Medium
489bc355-c5fa-4b1a-9b68-9192073d4a73,0296a273-bc4e-4992-8ad1-1fdc086001e3,Medium
ec0779ba-08d3-4e1d-91df-237d310273c6,8cddc791-66ca-4ef9-83b2-a3893496efdd,Medium
ec0779ba-08d3-4e1d-91df-237d310273c6,2bcc34d1-4ce0-42b4-ba37-a93ba7b1f881,Medium
852e3844-8682-4864-8743-eb6cae0cbf31,61961d34-5b1d-417d-bc3a-d2f9f5cf45d9,Medium
852e3844-8682-4864-8743-eb6cae0cbf31,20974f9e-030d-402b-9e9f-49753a82ed3b,Low
c204528f-31a3-4f5c-a142-30632e18affc,517f317f-7108-48be-99a6-78118eb16adb,Low
c204528f-31a3-4f5c-a142-30632e18affc,34820c9a-83fe-41b1-9498-00c0e5958382,Medium
29794b4c-5d60-46aa-a491-2edfb1c23ead,160543cb-51ef-4ac9-b61a-754451a72ad7,Medium
29794b4c-5d60-46aa-a491-2edfb1c23ead,f29e8aee-381f-4744-a0a1-39014c6c5e66,Low
63ca3798-7166-4b9c-8859-ae752135a259,7d081531-e10c-4046-887b-c16f904fa491,Low
63ca3798-7166-4b9c-8859-ae752135a259,2be9eb4c-88c6-4127-86d1-d236b75d106b,Low
9a7d8296-9d9d-48c5-86af-21460bc4ba69,ba90e1fc-bade-4c4f-bdf9-1980da6ab1ec,Low
9a7d8296-9d9d-48c5-86af-21460bc4ba69,a8e99a2b-f45a-475f-8226-c23139d72606,Low
11603013-d76a-4ee8-a557-3531e27b0df1,0d39341d-f7d8-42cb-ae20-aecb1c183be6,Low
11603013-d76a-4ee8-a557-3531e27b0df1,18ed96cd-946f-4f44-b0b1-161ca3398a12,Low
e7cfd0e0-cb64-4cb6-be33-e736988fd089,d2e19aa5-8593-46b0-8733-e6cade2d302e,Low
e7cfd0e0-cb64-4cb6-be33-e736988fd089,86f7ed84-9097-437c-90a8-2095ca85cb26,Low
5ab38e34-c1a6-478e-ae9b-b502608205e5,a057e966-83a9-47e6-bf0f-b84c65994c34,Low
5ab38e34-c1a6-478e-ae9b-b502608205e5,bc325a7a-45c7-43f5-8b0f-0dcaf64a9e57,Low
61e021aa-be64-478c-b629-2b765c056351,9401c51e-bd64-45ce-88a0-f9a5ecc224fc,Low
61e021aa-be64-478c-b629-2b765c056351,af07d920-533f-4b8f-bc72-bde5e1d6c61b,Low
02d466c5-ba4f-4bed-8651-7efbbed94d54,98f952e1-5d2b-493c-88e7-4b555578b430,Medium
02d466c5-ba4f-4bed-8651-7efbbed94d54,8ef4a069-c736-447d-bf20-d4f1dcb380fd,Medium
8a3107e8-772e-41ac-8d90-550684e1c371,76878b9a-35a4-44dd-9197-e13383ccbcad,Medium
8a3107e8-772e-41ac-8d90-550684e1c371,4c35d901-992b-4e79-82c9-821ff63c79fc,Medium
0ed9699b-b898-458d-9e49-907e4c907d65,a560ddef-9b91-40f8-99c9-00c44216b8b9,High
0ed9699b-b898-458d-9e49-907e4c907d65,a31d9578-11bc-40bb-a86d-aafcb8087458,High
29ec95d8-cbee-4907-8444-3f12da6a7426,25518521-3908-4be7-b6e8-cbbb3db73b7d,Medium
29ec95d8-cbee-4907-8444-3f12da6a7426,b12d73b0-20be-4c8b-9f2e-bee48f0f36a4,High
aef4f589-395e-4fed-b4a0-90e6ad20134a,05e81d10-ea99-46c5-9856-54482b14ddcf,Low
f1743201-f2e6-422e-b94f-44561cc3aa37,f6d641a5-8b16-4f58-b7d6-7776ab813d7f,High
f1743201-f2e6-422e-b94f-44561cc3aa37,0827d378-0c4c-4af9-9fa6-5a330ba98c97,Medium
3c8196f3-313b-4a84-94a1-c49684dc10fe,b24a58fa-3499-4f06-941d-cf4f89e75edf,High
3c8196f3-313b-4a84-94a1-c49684dc10fe,65de365a-da58-4b2d-b2c0-695695c558ec,High
023624df-e299-4cdd-8228-2c529182642d,bb21188c-3636-4633-bf6f-b269bbc54048,Low
023624df-e299-4cdd-8228-2c529182642d,ee6af797-848b-477f-a57f-2491762e3a67,Low
4625d744-d723-4fd3-914f-7f2847c566d1,4e631cda-0ce6-41af-a997-a6a36f80b79a,Low
4625d744-d723-4fd3-914f-7f2847c566d1,ca3717c3-902b-4c92-b616-f9ac505da8b9,Low
75579f18-65d8-4c61-9a92-fe51ea6bd7c5,6334998d-1e87-4e3d-a5d6-b0e61c6c0333,High
75579f18-65d8-4c61-9a92-fe51ea6bd7c5,2b88623f-4cb0-4497-802f-fb7564849547,High
7ef16b49-a940-4b03-ba4b-d49f1bbaf599,1ddacce1-fc4f-45d7-aef0-f53c972caf5c,High
7ef16b49-a940-4b03-ba4b-d49f1bbaf599,f24e565e-ec26-45fe-94c3-9f11d9ccd597,High
20e7f2d4-d853-4ce4-816d-25a2a8a0a73b,c50d64aa-1d7f-440f-a3b3-fb72901f425a,High
20e7f2d4-d853-4ce4-816d-25a2a8a0a73b,26382a1c-6b65-4f6a-8a58-b20188142f1b,High
887bf991-5683-4bfb-8e38-09e2d344a333,bc439237-b3f3-4e0f-95c2-f03048006564,Medium
887bf991-5683-4bfb-8e38-09e2d344a333,fb3b51aa-f6e2-45ab-bef8-9c83b0ef5d60,Medium
e9f94805-e0ba-430d-ab6d-eb022ce9e6d5,9b6b74aa-de3c-46ea-a42c-df737ab824ae,Medium
e9f94805-e0ba-430d-ab6d-eb022ce9e6d5,21b95281-18e7-45df-814b-70635dc55764,Medium
aafdc19e-7c35-4413-8c84-5e70a28b0c97,23573a99-b1bb-4faa-95ef-f68ba1972596,Medium
aafdc19e-7c35-4413-8c84-5e70a28b0c97,fa867e00-8cfe-4e59-8b20-5657746c407f,Medium
c7057de1-b64e-48ac-aafe-cc17cdd37556,2985aa49-a121-4450-bb65-431df00dfffc,Medium
c7057de1-b64e-48ac-aafe-cc17cdd37556,11af8522-5620-46ed-8421-7053249ba359,Low
96bcb907-fcaf-46fb-8fb8-2346a615bff4,7846e223-742c-4253-8cc5-f5898dfb850b,Medium
96bcb907-fcaf-46fb-8fb8-2346a615bff4,a130ea89-8457-4238-8d48-d02340e4af86,Low
731ce9e9-cbd9-4ece-952c-de4b5897cb0f,b4453069-05c2-4edb-9a03-c195771d1638,Medium
731ce9e9-cbd9-4ece-952c-de4b5897cb0f,ba650328-38b7-4b91-a706-8b5f1d15b5a1,Medium
a46dc055-fcaf-4757-92e1-24b217c6e21f,71db46de-5f75-43c5-8747-02ed9e2e32d2,Low
a46dc055-fcaf-4757-92e1-24b217c6e21f,498d2432-ba1a-411c-be6b-530cd9af24e2,Low
d91afa3b-be78-4f10-8de1-e385d0e28c21,77944449-4aec-41b4-aecd-dff8bc91b7ee,Low
d91afa3b-be78-4f10-8de1-e385d0e28c21,8a195fa0-d38d-4abc-85e2-ba85d7063007,Low
c2ff83c6-263f-4bbf-a8f3-af5164ad62af,c6a1d43f-c2ec-499e-b2cb-ec8b8f8ddd36,Low
c2ff83c6-263f-4bbf-a8f3-af5164ad62af,ef198208-6a7f-4a30-9cba-3f55295ed4c2,Low
c1c718bc-1407-4678-8539-a16e9bcf46e1,cf937433-9a1d-47b7-b1df-ec83762e4a81,Low
c1c718bc-1407-4678-8539-a16e9bcf46e1,b8d9a3d4-83b2-4297-a57b-ad2617f4ad54,Low
fe5f3e98-238a-4288-b48f-eae5cd4f3584,96ce0407-dd17-46c2-86f9-9c6cdc0422c8,Low
fe5f3e98-238a-4288-b48f-eae5cd4f3584,236adce9-d8f8-4aa6-b325-f320c0b35e71,Low
bd910975-9ade-47d6-9e2f-edf9e2d49234,279096a6-8f5a-47ea-99ea-fd755443bb63,Low
bd910975-9ade-47d6-9e2f-edf9e2d49234,114e3e17-1cc1-4189-9350-8d8b23a568d0,Low
db415af2-770a-40ce-a7ad-b319626cd356,042cf651-d5e7-4e53-8808-36cb94f93fc0,Low
db415af2-770a-40ce-a7ad-b319626cd356,f7212e3e-549e-4bc0-b780-84fb08ae0eab,Low
c2c2157c-a1fc-467a-a06a-d823ced51648,a060f665-db3b-4796-91ba-de68a213e1f2,Low
c2c2157c-a1fc-467a-a06a-d823ced51648,86f236b8-bf65-47be-aa7d-f5ba8c6f66b7,Low
cda01835-c064-4d98-bec2-aa681a1b33be,2c1b76dd-520f-47b1-bced-b4930b66f6b3,Low
cda01835-c064-4d98-bec2-aa681a1b33be,c594674c-4fc8-47f0-aa9d-ded657afc987,Low
15f41be7-26a0-4351-90e2-14ec21bc693f,a2938374-b5b4-49c7-960a-b1e8f306078d,Medium
15f41be7-26a0-4351-90e2-14ec21bc693f,abda52b8-f1d5-4747-b163-96cb3bc04959,Medium
eab0091f-88ff-4c06-bce0-88ca2ce3d248,e22d95c0-6b7e-42ae-8302-cd1e121fffb4,Low
7bccb4b6-7fde-4a1b-9a76-9aed14277e42,6737d374-5add-40d1-8d72-cf8c916e71c6,Medium
7bccb4b6-7fde-4a1b-9a76-9aed14277e42,d803b205-0ec8-4499-96ee-2e89716c8c65,Medium
ad3b74ec-c767-4b8c-94d6-f07cf3742c43,b8f7da85-d931-4fc7-9f7d-9a46520eba3a,Low
ad3b74ec-c767-4b8c-94d6-f07cf3742c43,eb602615-2fa2-46a6-8f2b-66cb2b8f1fb2,Medium
db252037-a59c-43f1-adb5-538f5e24fbfd,dcf1e5eb-06fa-4940-9513-b18c87d0c82f,Low
db252037-a59c-43f1-adb5-538f5e24fbfd,59da326f-433b-4f68-943e-7e923a27af11,Low
94926e15-2b50-427a-b2ba-207b88bc8787,5557ac57-e218-4fe4-ab88-d2427a8c1e36,Low
94926e15-2b50-427a-b2ba-207b88bc8787,1d4904ce-c854-45bc-a9cb-a4111fd954d3,Low
7d87222d-f472-416b-860e-a918d9367818,82bef855-998a-4d7d-91c2-a02d572be037,High
7d87222d-f472-416b-860e-a918d9367818,9f89a1dc-139f-4e79-aa1c-79a7cefd3c9a,High
23bcaba1-e419-4e9c-a4c8-2632873d454e,7662125c-57c0-4c0f-a696-c8dda81ad2b7,Medium
23bcaba1-e419-4e9c-a4c8-2632873d454e,9f342142-275c-498d-9b47-8f953ec3b8bf,Medium
69acafca-47c2-4e59-a191-d8528d4f1e2d,10619138-f294-420b-b387-1f510da29e5a,Low
69acafca-47c2-4e59-a191-d8528d4f1e2d,e547b5a3-63ef-4ae0-a2a0-939feed488be,Low
3113c5d2-29b3-4968-8d59-79d7b4730cb3,ab66b178-317a-43bd-b6da-70da8fe155b9,Low
3113c5d2-29b3-4968-8d59-79d7b4730cb3,8019c4c1-f562-43f0-8f0a-9e04f6da43b7,Low
e25cad75-6db5-4d61-8217-293312c01378,f7186b93-98e9-4410-9266-3e83342eaeca,High
e25cad75-6db5-4d61-8217-293312c01378,9ed2a16d-c4d3-409c-b7b1-8679a5b01a3e,High
7eb3d672-9c08-4a15-97ec-49b5dbfc2946,780b06a6-6c35-45c9-b42a-fdb449a029be,Medium
7eb3d672-9c08-4a15-97ec-49b5dbfc2946,e44cfb32-b886-48dd-b920-c989cb71fa91,Medium
30cdbbe8-ac43-4913-b34f-4d10b50f71e3,198bbd0b-afe9-41b9-a714-09d8f773b30a,Medium
30cdbbe8-ac43-4913-b34f-4d10b50f71e3,530ab850-70c0-4a33-819c-c638477bb3f3,Medium
fb40bef1-7318-4fb2-8aa3-6811377f3c64,0a24427b-64cc-43b0-b525-529cce258e6c,Low
fb40bef1-7318-4fb2-8aa3-6811377f3c64,c40033dd-289e-4e79-b0a4-e4fd62a8da97,Medium
06fa6c3f-bd69-4e21-aea5-3b30c758cdac,22b23c8d-cf13-44c6-99c0-f6da535d7c30,Medium
06fa6c3f-bd69-4e21-aea5-3b30c758cdac,23877fa4-56b9-4043-aa3e-1d52c266a0fa,High
55b54989-740c-47a9-b33d-19afda9f8753,6eb93c38-c3fb-432a-a232-93207240f77c,High
55b54989-740c-47a9-b33d-19afda9f8753,a86e3979-8f37-4d4f-92ae-8969d2056fbc,High
56bba3ef-1420-4874-9f21-c624d27a7066,d5fab82d-4423-45e6-bdba-aea92cbf7832,High
56bba3ef-1420-4874-9f21-c624d27a7066,db0ccf59-602c-45bc-8a49-4a334853400c,High
4092d50b-9e15-484d-89f1-56a49edc2eeb,f856950a-93b7-443f-8e06-7e1088e04376,Medium
4092d50b-9e15-484d-89f1-56a49edc2eeb,c46680d9-7db6-4cf7-9710-5fee077e33e0,Medium
0083d0bb-74c9-44b4-aa37-76aa6421652c,517b14a6-e014-49e5-815b-9aee535c6f3c,Low
0083d0bb-74c9-44b4-aa37-76aa6421652c,210c79e9-f8db-48a7-ad72-414605ca7f90,Low
5173efe2-20d5-4131-a67e-8cfbd90a6eef,60402fe5-d6a8-4746-971a-8ce846c1f126,High
5173efe2-20d5-4131-a67e-8cfbd90a6eef,75c26e75-ee0d-448b-afa0-52a856f2ad5f,High
50e3de30-efbe-4d79-8da6-13a09c1a83a7,57d0cb1e-cda7-4851-8a62-b7662ec2002e,High
50e3de30-efbe-4d79-8da6-13a09c1a83a7,544c0676-3d35-4521-9213-f200d01f6ab6,High
62146498-6d8b-4c39-a08b-62ea1e2bc0ec,b8bb508b-2fe0-44c6-8f94-bb857430e028,Low
62146498-6d8b-4c39-a08b-62ea1e2bc0ec,eb7857d4-48b8-4f33-b44d-45b4814cfd34,Low
1555dffd-62cd-4024-bed5-42a0b2a4e0f7,dd144e66-a450-441f-88e6-2403277bccba,Medium
1555dffd-62cd-4024-bed5-42a0b2a4e0f7,ce53945e-0bf2-44b2-a525-929291efb570,Medium
d9ec93b7-a37b-4a66-89e1-b9e215e7c25d,7b912d1b-5b3b-4fad-89e5-adc5ffdcb4a8,High
d9ec93b7-a37b-4a66-89e1-b9e215e7c25d,60c2f62d-5c74-49bf-97cb-d19f1d318c0b,High
27c30a3a-e893-4d49-a059-691a9c68d28a,c5b4f757-4e3d-4bf5-9392-ff798c5de974,Medium
27c30a3a-e893-4d49-a059-691a9c68d28a,bb3e9226-f97d-4df5-8ed5-6e6b85816b91,High
764df5aa-ae55-46db-b185-6d43be3bd179,f0dc35a3-4e0d-4b5f-91a9-46388d113690,High
764df5aa-ae55-46db-b185-6d43be3bd179,d186de20-a4da-4369-9864-3646ff421db6,High
bd7c0ffe-0168-40d2-b8c2-fc5bb47063b6,882d53dd-4589-41d3-bc7a-179557a6db3c,Low
bd7c0ffe-0168-40d2-b8c2-fc5bb47063b6,f956fe34-1c6d-49b8-add7-ad96dbbc6704,Low
1f74596c-ef4b-4469-b225-391947f17174,ba69ad08-aa04-4401-9b76-53768b15554a,Medium
1f74596c-ef4b-4469-b225-391947f17174,5a0c7500-f8d9-4fc2-b4aa-6417ad27ae1b,Medium
aa710fdc-3432-4be0-a4d6-ffce3511c2ec,5fb9e803-0031-43c0-a2c4-9a251333eab3,Low
75ab2357-a408-40d4-b6ae-8b15df90c15f,b64e9450-e294-4bd6-a13c-17545105f102,Medium
75ab2357-a408-40d4-b6ae-8b15df90c15f,853eab54-9593-4467-91e7-1cd895cff0bf,Medium
4c5bda2e-cf5b-4beb-8735-a712d13badaa,d5fa4f27-abd8-4a27-a8a8-61d50eb8ec3f,Medium
4c5bda2e-cf5b-4beb-8735-a712d13badaa,95649ddf-e6d1-433c-a1be-b5bfd0a5e0ad,Medium
8dbdf583-3975-4f29-8294-c6068b3f6278,804d4927-32b9-401f-8343-eee21adabd31,Medium
8dbdf583-3975-4f29-8294-c6068b3f6278,880f65ae-7f5a-4741-8ad5-e254c23c987b,Medium
ae51b993-7de7-4333-8b0c-b304aa2e14eb,84b03ce9-eb8e-4041-9e9e-d98b72757f20,Medium
ae51b993-7de7-4333-8b0c-b304aa2e14eb,17d14387-f757-4734-9211-5c9c08567a27,Medium
408fc2c0-a8eb-4503-9ee5-ccefb6896cad,c1cf686f-a822-4676-8227-2e8f33d70c33,Medium
408fc2c0-a8eb-4503-9ee5-ccefb6896cad,90b9640b-e12c-41a1-978e-d2f488bf82a3,Medium
37f79e12-592e-4bdd-818b-1b68bb73280f,90dcd4ed-2387-43a4-9bcb-25d676c8ed0e,Low
37f79e12-592e-4bdd-818b-1b68bb73280f,d0ab0afb-6737-4be4-9dd7-cdf2fdc7027b,Low
b2810b80-01cf-447a-bbdf-da65226d6f55,19e0ce5e-afea-43e8-86c6-2626302371c0,Low
b2810b80-01cf-447a-bbdf-da65226d6f55,681fbd29-b6f8-4324-aadc-58cde4703b07,Low
b6e26c12-eebf-413d-b190-f8d1e5402c13,eca3a3be-aa12-4de0-96dc-8036c011cf50,High
b6e26c12-eebf-413d-b190-f8d1e5402c13,91054405-330d-4f3d-b648-b8ee64527891,High
5b7c9c8d-6819-4b49-a091-b10155a10ed8,03b9a246-32ef-4d0e-951c-418ecf2850ed,Medium
5b7c9c8d-6819-4b49-a091-b10155a10ed8,6436bbc6-8cb3-455b-9fc5-b0e7a932c08f,Medium
64ef3cc4-215c-43cb-b89a-b87dfd78a047,4083e653-1fcc-40c4-8a71-9f9a12d0287c,Medium
64ef3cc4-215c-43cb-b89a-b87dfd78a047,16c29ef3-f51c-4c8b-a726-32e0bd8de72e,Low
6cdcf5d0-a6db-4be1-b758-5789b32b4237,21623201-f500-42af-8b23-7e03c641176e,Medium
6cdcf5d0-a6db-4be1-b758-5789b32b4237,4b1335a8-ea18-4722-976c-eb6d5b59109b,Medium
dc100bbf-b6bc-436d-90a4-8d0921e97afb,dc5d74a1-906f-42f1-a978-12830e9f215e,High
dc100bbf-b6bc-436d-90a4-8d0921e97afb,1bfbdcc8-25ec-4989-a764-172d5792eb49,High
dc4872b5-7c9d-40f5-8511-b55c6f98475e,db123cc5-2452-4184-8904-dacb535c397f,High
dc4872b5-7c9d-40f5-8511-b55c6f98475e,e1800760-4ea8-493d-ae08-d557ae5128df,Medium
0c66d895-471b-4059-a1ff-9a7926ed099e,c40afbb4-0293-491b-b2b4-6cc57abba68b,Medium
0c66d895-471b-4059-a1ff-9a7926ed099e,a686db8a-50cc-4775-8295-e79df5e312e3,Medium
b32db341-8233-426e-a82a-eb5c6f358ebf,c2d64a94-f1f1-4f90-88ed-06a5d19ee940,High
b32db341-8233-426e-a82a-eb5c6f358ebf,b003ece1-ff38-48f8-84f6-0cac153b5bcd,High
414d998b-a49d-4e65-b6f9-dc9379b1d288,ff98f515-293e-453e-841c-2b3e5adda780,Medium
414d998b-a49d-4e65-b6f9-dc9379b1d288,edb86760-ae45-42c4-8f27-4dc60dfe4dc6,Medium
c854ca33-b6dd-4e56-bb20-385e8f712b25,16dcbb2a-03ef-4ae8-9195-8e2bf6299f8f,High
c854ca33-b6dd-4e56-bb20-385e8f712b25,0d68e0f4-0fb0-47af-9444-240532ea6a05,High
f84dd79d-0bfb-4c3b-9d43-a8a7dce26fa7,7bfa9347-e2a1-4a75-b067-6399346ffd21,Low
f84dd79d-0bfb-4c3b-9d43-a8a7dce26fa7,a40ae954-9fb9-436c-974e-a370148900ff,Low
6fdc8043-0101-450a-9733-5a5c54de69e0,cab055bc-39d4-40a0-a59f-d34e3a3f2359,Low
6fdc8043-0101-450a-9733-5a5c54de69e0,3f294494-3fe7-47fd-8f2a-f15a536fc8da,Low
e1032366-5276-4375-9262-a854b777054e,96cfedb9-626e-4c3e-bb32-75d5016a8769,Medium
e1032366-5276-4375-9262-a854b777054e,09f62e91-9705-464e-820b-827ac9983032,Low
d0b3872b-b68c-417f-ac20-a9ec83b07a35,d72f2eac-0e00-4459-b0f1-dc3df3a3137e,Low
d0b3872b-b68c-417f-ac20-a9ec83b07a35,5cd6f07f-4f8f-4000-95e1-d118a119392b,Medium
7c626bba-3cbc-4664-a2e6-bfb7834978b5,02844f7a-7290-49ee-9809-c0b6af6c8ae5,Medium
7c626bba-3cbc-4664-a2e6-bfb7834978b5,f96b3600-8b22-41c9-bf56-2483e33ec301,Low
